epoch,train_loss,train_pos_dist,train_neg_dist,val_pos_mean,val_pos_p95,val_pos_p99,val_fpr_at_tpr95,val_tpr_at_fpr_1e_4,val_roc_auc,val_eer,val_neg_mean,val_neg_p01,val_neg_p05,val_recall_at_1,val_active_triplet_ratio,val_loss,val_same_finger_fpr_at_tpr95,val_same_finger_tpr_at_fpr_1e_4,val_same_finger_roc_auc,val_same_finger_eer,val_same_finger_neg_mean,val_same_finger_neg_p01,val_same_finger_neg_p05,val_same_finger_recall_at_1,val_same_finger_active_triplet_ratio,val_same_finger_loss,val_cross_finger_fpr_at_tpr95,val_cross_finger_tpr_at_fpr_1e_4,val_cross_finger_roc_auc,val_cross_finger_eer,val_cross_finger_neg_mean,val_cross_finger_neg_p01,val_cross_finger_neg_p05,val_cross_finger_recall_at_1,val_cross_finger_active_triplet_ratio,val_cross_finger_loss,lr,early_stop_best_fpr_at_tpr95,no_improve_epochs
1,0.6120006066262722,0.882390144944191,1.07039490377903,0.6398098468780518,1.2642810344696045,1.4579302072525024,0.103179931640625,0.7080078125,0.9778297726297751,0.06036376953125,1.4067381620407104,1.1014208793640137,1.2102216482162476,0.90728759765625,0.92803955078125,0.29976657032966614,0.1465778350830078,0.60516357421875,0.9739625742076896,0.06671142578125,1.3867148160934448,1.0643267631530762,1.178115963935852,0.90936279296875,0.912109375,0.2861843407154083,0.05978202819824219,0.86456298828125,0.9816969710518606,0.052490234375,1.4267616271972656,1.1643190383911133,1.253660798072815,0.93634033203125,0.80670166015625,0.2198309749364853,0.05,0.103179931640625,0
2,0.4098692793548107,0.6742273394465447,1.0644852092266084,0.5984117388725281,1.235100507736206,1.4480440616607666,0.07183551788330078,0.75323486328125,0.9800957279512659,0.054443359375,1.4013779163360596,1.1043140888214111,1.209845781326294,0.92059326171875,0.89349365234375,0.26169678568840027,0.10441780090332031,0.598876953125,0.9769720070180483,0.0592041015625,1.3835456371307373,1.0669325590133667,1.1788557767868042,0.9227294921875,0.8720703125,0.24889928102493286,0.03925323486328125,0.88818359375,0.9832194488844834,0.0478515625,1.4192101955413818,1.1644916534423828,1.2485833168029785,0.943359375,0.74932861328125,0.19171851873397827,0.1,0.07183551788330078,0
3,0.36310727122426034,0.6351921780109405,1.072556717991829,0.581296443939209,1.2135765552520752,1.4368051290512085,0.04961109161376953,0.75665283203125,0.9826732337824069,0.04988670349121094,1.4035463333129883,1.1084115505218506,1.2141789197921753,0.92486572265625,0.86553955078125,0.2440154105424881,0.07703971862792969,0.61566162109375,0.979446045064833,0.055023193359375,1.3826130628585815,1.0719902515411377,1.182440996170044,0.9271240234375,0.84307861328125,0.23284612596035004,0.022182464599609375,0.894775390625,0.9859004224999808,0.04205322265625,1.424479603767395,1.1723487377166748,1.258381724357605,0.95086669921875,0.70947265625,0.17189639806747437,0.09999722987302516,0.04961109161376953,0
4,0.33697956848144534,0.6155806008577347,1.0794557512998582,0.5815619826316833,1.2034518718719482,1.415569543838501,0.03676033020019531,0.77984619140625,0.9850479357119184,0.04632568359375,1.4044876098632812,1.1236742734909058,1.2233741283416748,0.9300537109375,0.85772705078125,0.2344793826341629,0.055423736572265625,0.62127685546875,0.9828126766369678,0.0513916015625,1.3905911445617676,1.0895183086395264,1.1962343454360962,0.9327392578125,0.832763671875,0.22213007509708405,0.018096923828125,0.9029541015625,0.987283194786869,0.04022216796875,1.418384075164795,1.175362229347229,1.2559665441513062,0.95196533203125,0.7186279296875,0.17358672618865967,0.09998890870569505,0.03676033020019531,0
5,0.32042891505360604,0.6041499500870705,1.084947944045067,0.5756765604019165,1.1824883222579956,1.3772622346878052,0.025307655334472656,0.77130126953125,0.9886084956815466,0.04248046875,1.4036226272583008,1.1245354413986206,1.2250910997390747,0.93450927734375,0.847412109375,0.22803707420825958,0.04009437561035156,0.6370849609375,0.986431380326394,0.0477294921875,1.3893227577209473,1.0893651247024536,1.197397232055664,0.93695068359375,0.824462890625,0.21641825139522552,0.01052093505859375,0.90618896484375,0.9907856110366993,0.03668212890625,1.4179227352142334,1.1801445484161377,1.2588623762130737,0.95751953125,0.698974609375,0.16722656786441803,0.0999750374200332,0.025307655334472656,0
6,0.30573584443330765,0.5935752153992653,1.0895591056346894,0.5609644055366516,1.151288628578186,1.335071086883545,0.01565265655517578,0.7623291015625,0.9925191627116874,0.03558349609375,1.4019323587417603,1.123275637626648,1.2246959209442139,0.939453125,0.8292236328125,0.21786002814769745,0.024951934814453125,0.60943603515625,0.9908866476616822,0.04012489318847656,1.3893495798110962,1.0886181592941284,1.1993414163589478,0.94354248046875,0.80401611328125,0.20514161884784698,0.0063533782958984375,0.90557861328125,0.9941516777616926,0.03009033203125,1.4145150184631348,1.1726257801055908,1.2549337148666382,0.96490478515625,0.68011474609375,0.16136249899864197,0.09995561755766873,0.01565265655517578,0
7,0.2940860477685928,0.5838588414788246,1.0917787419557572,0.556800127029419,1.1224838495254517,1.3092633485794067,0.009431838989257812,0.765869140625,0.9942972276185174,0.03082275390625,1.4032926559448242,1.126065969467163,1.227723240852356,0.947021484375,0.82440185546875,0.21146158874034882,0.015729904174804688,0.607177734375,0.9929789882153273,0.03532981872558594,1.3921966552734375,1.0906168222427368,1.2032181024551392,0.950439453125,0.79803466796875,0.19886553287506104,0.0031337738037109375,0.9100341796875,0.9956154670217074,0.02492523193359375,1.4143885374069214,1.1753883361816406,1.2567005157470703,0.9716796875,0.67449951171875,0.15609058737754822,0.0999306512768894,0.009431838989257812,0
8,0.2837984063923359,0.5740497905611992,1.092602143764496,0.5484286546707153,1.1083396673202515,1.293700098991394,0.008266448974609375,0.752197265625,0.9950790049042553,0.027482032775878906,1.4016244411468506,1.120917558670044,1.2246593236923218,0.95098876953125,0.8245849609375,0.20810450613498688,0.014316558837890625,0.5966796875,0.9936554839950986,0.03173828125,1.3868111371994019,1.0822229385375977,1.1968363523483276,0.95404052734375,0.79998779296875,0.1968679428100586,0.002216339111328125,0.9140625,0.9965025258134119,0.02166748046875,1.4164378643035889,1.1778358221054077,1.258966088294983,0.97686767578125,0.65252685546875,0.14940251410007477,0.09990014135240163,0.008266448974609375,0
9,0.2765167506933212,0.5672204815149308,1.0932750108242035,0.5372478365898132,1.0708684921264648,1.2627229690551758,0.005390167236328125,0.74481201171875,0.9964562745590229,0.02457463191105769,1.401901125907898,1.1142258644104004,1.2229303121566772,0.955810546875,0.81768798828125,0.20275700092315674,0.009258270263671875,0.57989501953125,0.9954988916870207,0.028076171875,1.3923391103744507,1.0767325162887573,1.1971063613891602,0.95880126953125,0.78680419921875,0.1897856593132019,0.001522064208984375,0.9130859375,0.9974136574310251,0.019788742065429688,1.4114631414413452,1.166278600692749,1.2523611783981323,0.980224609375,0.65399169921875,0.14671672880649567,0.09986409117502228,0.005390167236328125,0
10,0.26889405819773676,0.5598169352710247,1.0937777371406556,0.5431574583053589,1.0825079679489136,1.2704983949661255,0.006173133850097656,0.7344970703125,0.9960461175069213,0.02508544921875,1.3999621868133545,1.1148113012313843,1.2212504148483276,0.955078125,0.82177734375,0.20765714347362518,0.01103973388671875,0.57598876953125,0.9947406668798067,0.02978515625,1.385274052619934,1.075291395187378,1.1900959014892578,0.9573974609375,0.79595947265625,0.19783465564250946,0.0013065338134765625,0.9173583984375,0.9973515681340359,0.01861572265625,1.4146504402160645,1.1792153120040894,1.2606650590896606,0.9808349609375,0.64697265625,0.1433187574148178,0.09982250475130164,0.005390167236328125,1
11,0.26364599825441837,0.5538287329673767,1.0932512562274932,0.5327950119972229,1.043281078338623,1.2272536754608154,0.0041942596435546875,0.71807861328125,0.997545312391594,0.020738601684570312,1.3983502388000488,1.105741262435913,1.216020941734314,0.96270751953125,0.82171630859375,0.20448189973831177,0.0073757171630859375,0.598388671875,0.9966898108832538,0.0242767333984375,1.3857784271240234,1.067278504371643,1.1885112524032593,0.96514892578125,0.79327392578125,0.19185702502727509,0.0010128021240234375,0.91534423828125,0.9984008138999343,0.01605224609375,1.4109221696853638,1.1609692573547363,1.2477073669433594,0.98486328125,0.65411376953125,0.14631998538970947,0.09977538670307824,0.0041942596435546875,0
12,0.25867342749238015,0.5495897887647152,1.0940899355411529,0.5320079326629639,1.033495306968689,1.23018479347229,0.0035333633422851562,0.72320556640625,0.9973306478641462,0.02032470703125,1.3964811563491821,1.1070518493652344,1.2159532308578491,0.9630126953125,0.82391357421875,0.20291055738925934,0.00661468505859375,0.57196044921875,0.996301926090382,0.024784088134765625,1.3799309730529785,1.0648859739303589,1.1838473081588745,0.964599609375,0.7989501953125,0.19339130818843842,0.0004520416259765625,0.92681884765625,0.9983593696379103,0.01422119140625,1.4130311012268066,1.174450159072876,1.2575887441635132,0.98822021484375,0.63226318359375,0.13650622963905334,0.09972274226696516,0.0035333633422851562,0
13,0.25279596316814423,0.5440080780684948,1.0946908571720124,0.5270508527755737,1.0198792219161987,1.2020227909088135,0.0030546188354492188,0.7196044921875,0.9980473613541108,0.01824951171875,1.3994362354278564,1.105374813079834,1.2153804302215576,0.9678955078125,0.82037353515625,0.1998436450958252,0.0055027008056640625,0.6090087890625,0.9974033834296279,0.021249771118164062,1.3900151252746582,1.0682653188705444,1.190866231918335,0.9705810546875,0.7864990234375,0.1859498769044876,0.000606536865234375,0.92156982421875,0.9986913392785937,0.01409912109375,1.4088573455810547,1.1553304195404053,1.2425243854522705,0.98699951171875,0.65985107421875,0.14432545006275177,0.09966457729376811,0.0030546188354492188,0
14,0.24945346921682357,0.5408968958556652,1.0950535860061645,0.5309714674949646,1.028057336807251,1.2142207622528076,0.0028829574584960938,0.71893310546875,0.997751863382291,0.01763916015625,1.4024899005889893,1.1187959909439087,1.2263182401657104,0.97003173828125,0.80584716796875,0.1944701224565506,0.0053119659423828125,0.5894775390625,0.9970481329946779,0.02093505859375,1.3923532962799072,1.0790578126907349,1.2003511190414429,0.9720458984375,0.77740478515625,0.18255840241909027,0.000453948974609375,0.92669677734375,0.9984555937699042,0.013185501098632812,1.4126266241073608,1.1727708578109741,1.2558952569961548,0.98779296875,0.6363525390625,0.13901686668395996,0.09960089824783505,0.0028829574584960938,0
15,0.24604083520174028,0.5381700945794582,1.0958291153907775,0.5285015106201172,1.016937255859375,1.2060028314590454,0.0029973983764648438,0.7203369140625,0.9977151165949181,0.01812744140625,1.3975331783294678,1.1072931289672852,1.2175922393798828,0.970458984375,0.81884765625,0.19832932949066162,0.0054950714111328125,0.58837890625,0.9969975428539328,0.021732330322265625,1.3872392177581787,1.0672816038131714,1.1913526058197021,0.9725341796875,0.79052734375,0.1850806474685669,0.000499725341796875,0.92413330078125,0.9984326903359033,0.01361083984375,1.4078266620635986,1.1616660356521606,1.2467329502105713,0.98797607421875,0.648193359375,0.14267976582050323,0.09953171220633784,0.0028829574584960938,1
16,0.24272526682913304,0.5351624521315098,1.0963292577266692,0.5110951662063599,0.9767628908157349,1.156872272491455,0.0020189285278320312,0.73516845703125,0.9985144317033701,0.014558792114257812,1.3960833549499512,1.0983879566192627,1.2131279706954956,0.97528076171875,0.808349609375,0.1899789422750473,0.00382232666015625,0.59039306640625,0.9979095134185627,0.01849365234375,1.382631778717041,1.0557796955108643,1.1816520690917969,0.97637939453125,0.77783203125,0.17909716069698334,0.0002155303955078125,0.9385986328125,0.9991193499881774,0.009765625,1.4095351696014404,1.1626590490341187,1.2508877515792847,0.9932861328125,0.62725830078125,0.1252398043870926,0.09945702685848573,0.0020189285278320312,0
17,0.23842872969806195,0.5316471629738808,1.0973572181463243,0.5247332453727722,1.0036770105361938,1.1877187490463257,0.0023031234741210938,0.71466064453125,0.9982388548087329,0.0157470703125,1.4005151987075806,1.1157441139221191,1.225579023361206,0.9735107421875,0.8038330078125,0.19144202768802643,0.0042705535888671875,0.5946044921875,0.9976570050930604,0.019287109375,1.3920018672943115,1.0747780799865723,1.199125051498413,0.9755859375,0.776123046875,0.1788947582244873,0.000335693359375,0.93157958984375,0.9988207045244053,0.01141357421875,1.40902841091156,1.1701663732528687,1.253922462463379,0.98992919921875,0.63226318359375,0.13601326942443848,0.0993768505046707,0.0020189285278320312,1
18,0.23660044968128205,0.5297237815856933,1.0974230753183365,0.5270919799804688,0.9959617853164673,1.1846503019332886,0.001834869384765625,0.72216796875,0.998300399252912,0.0146484375,1.4029569625854492,1.1248979568481445,1.2326087951660156,0.976318359375,0.79681396484375,0.18790780007839203,0.0035076141357421875,0.591552734375,0.9977585289161652,0.0185546875,1.3948261737823486,1.0855424404144287,1.2068861722946167,0.97802734375,0.7666015625,0.17600582540035248,0.0001621246337890625,0.940673828125,0.9988422695896588,0.01055908203125,1.4110875129699707,1.1780216693878174,1.2605165243148804,0.99066162109375,0.6290283203125,0.13335484266281128,0.09929119205554504,0.001834869384765625,0
19,0.23368638291954993,0.5266916126608848,1.0975064908266068,0.5231795310974121,0.9925006031990051,1.1811802387237549,0.0020112991333007812,0.72344970703125,0.9984208386449609,0.0147552490234375,1.4034111499786377,1.1177979707717896,1.2297171354293823,0.97576904296875,0.79931640625,0.18743467330932617,0.0038776397705078125,0.61871337890625,0.9978220947668888,0.01849365234375,1.3934179544448853,1.074055552482605,1.1999114751815796,0.97735595703125,0.77301025390625,0.1763211488723755,0.00014495849609375,0.94390869140625,0.999019582523033,0.010009765625,1.413404107093811,1.1811974048614502,1.2629175186157227,0.99102783203125,0.61883544921875,0.1289440542459488,0.09920006103103102,0.001834869384765625,1
20,0.2313310403227806,0.5248940219581127,1.0980862576961516,0.5136792659759521,0.9679181575775146,1.166507363319397,0.0018815994262695312,0.7083740234375,0.9985940093465615,0.01418304443359375,1.3986660242080688,1.1031920909881592,1.2191468477249146,0.9786376953125,0.808837890625,0.18937696516513824,0.003620147705078125,0.594970703125,0.998050264082849,0.017822265625,1.3887317180633545,1.0582152605056763,1.1897697448730469,0.98016357421875,0.78289794921875,0.17700964212417603,0.0001430511474609375,0.943115234375,0.999137754610274,0.0101318359375,1.4086005687713623,1.1639719009399414,1.2519351243972778,0.99273681640625,0.62811279296875,0.13042059540748596,0.09910346755926285,0.001834869384765625,2
21,0.2293313176035881,0.5229327790439129,1.0982742938995362,0.523317813873291,0.9809958934783936,1.1786742210388184,0.001567840576171875,0.73223876953125,0.9984177879232448,0.01361083984375,1.4028005599975586,1.1252635717391968,1.2330548763275146,0.97857666015625,0.7935791015625,0.18438522517681122,0.0030574798583984375,0.59698486328125,0.9978980996529572,0.01690673828125,1.3939790725708008,1.0830628871917725,1.205093264579773,0.9794921875,0.76788330078125,0.17344386875629425,7.82012939453125e-05,0.9530029296875,0.9989374761935323,0.00958251953125,1.4116220474243164,1.1842304468154907,1.2630325555801392,0.9920654296875,0.61798095703125,0.1286279410123825,0.09900142237546104,0.001567840576171875,0
22,0.22668899393081665,0.5197378265857696,1.0977927567958832,0.5260906219482422,0.9849754571914673,1.1713991165161133,0.0020122528076171875,0.69244384765625,0.9984901614370756,0.014146804809570312,1.4026671648025513,1.1094090938568115,1.2248455286026,0.9759521484375,0.8076171875,0.19573645293712616,0.003803253173828125,0.54779052734375,0.9979299985570833,0.0179443359375,1.3921685218811035,1.067352533340454,1.1962119340896606,0.977294921875,0.778564453125,0.18308691680431366,0.00022125244140625,0.940185546875,0.9990503243170679,0.01025390625,1.41316556930542,1.1692160367965698,1.2570008039474487,0.99261474609375,0.6376953125,0.13636641204357147,0.09889393682073941,0.001567840576171875,1
23,0.22514859448373317,0.5182119064927101,1.0979253896474839,0.5125105977058411,0.9565111994743347,1.1610454320907593,0.0014781951904296875,0.7113037109375,0.9987899032712448,0.013251304626464844,1.3993613719940186,1.1106808185577393,1.223365068435669,0.978271484375,0.79974365234375,0.18473289906978607,0.0028743743896484375,0.55194091796875,0.9982988038100302,0.016908645629882812,1.3900853395462036,1.0667164325714111,1.1940070390701294,0.9801025390625,0.7725830078125,0.1734575778245926,8.20159912109375e-05,0.9530029296875,0.9992810027324595,0.0091552734375,1.4086371660232544,1.172745943069458,1.25522780418396,0.99310302734375,0.61981201171875,0.1260681301355362,0.0987810228408445,0.0014781951904296875,0
24,0.2250222645998001,0.5182825349271297,1.0981426413059234,0.5092042088508606,0.9485253095626831,1.1442413330078125,0.0015087127685546875,0.7015380859375,0.9988815069373231,0.011923789978027344,1.3998152017593384,1.1092488765716553,1.2236413955688477,0.98193359375,0.79632568359375,0.1824098378419876,0.0029659271240234375,0.56024169921875,0.998401751567144,0.01513671875,1.389858603477478,1.0624622106552124,1.1934340000152588,0.982421875,0.77093505859375,0.1715513914823532,5.14984130859375e-05,0.956787109375,0.9993612623075023,0.00799560546875,1.4097716808319092,1.175512671470642,1.2564791440963745,0.9942626953125,0.61114501953125,0.12315160036087036,0.09866269298482806,0.0014781951904296875,1
25,0.22264920577406883,0.5150931183695793,1.0976156058311461,0.5176383852958679,0.9650732278823853,1.1535085439682007,0.001506805419921875,0.7152099609375,0.9987257252796553,0.012276517427884616,1.4020483493804932,1.118729829788208,1.2292959690093994,0.980224609375,0.796630859375,0.18384534120559692,0.0029544830322265625,0.566162109375,0.9982130348798819,0.015573501586914062,1.3909659385681152,1.074705719947815,1.199987769126892,0.9814453125,0.7735595703125,0.17300976812839508,5.91278076171875e-05,0.9561767578125,0.9992384156794287,0.0084228515625,1.4131306409835815,1.1805260181427002,1.26163911819458,0.9932861328125,0.61090087890625,0.12594009935855865,0.09853896040365238,0.0014781951904296875,2
26,0.22159532457590103,0.5135978752076625,1.097214492559433,0.5099124908447266,0.9598047733306885,1.1501961946487427,0.001667022705078125,0.70550537109375,0.9987854936043732,0.012598037719726562,1.3997865915298462,1.1070101261138916,1.2237281799316406,0.97821044921875,0.80084228515625,0.18368704617023468,0.0032482147216796875,0.56793212890625,0.9982474651187658,0.016170501708984375,1.388641357421875,1.060609221458435,1.1901196241378784,0.97918701171875,0.77935791015625,0.17404790222644806,8.58306884765625e-05,0.95269775390625,0.9993235220899805,0.00811767578125,1.4109317064285278,1.1809704303741455,1.2615286111831665,0.99371337890625,0.6005859375,0.12059066444635391,0.09840983884872857,0.0014781951904296875,3
27,0.21840956030786038,0.5116525290012359,1.0986245678663253,0.5112642645835876,0.9526341557502747,1.1457551717758179,0.0014467239379882812,0.710205078125,0.9989304548071232,0.01220703125,1.4034607410430908,1.1131654977798462,1.2285609245300293,0.981201171875,0.7947998046875,0.1808408945798874,0.0028285980224609375,0.5836181640625,0.9984295949689113,0.01556396484375,1.390543818473816,1.06605863571167,1.1957281827926636,0.981689453125,0.76922607421875,0.1709195375442505,6.4849853515625e-05,0.95513916015625,0.9994313146453351,0.007568359375,1.4163776636123657,1.185103416442871,1.2655960321426392,0.9952392578125,0.60205078125,0.11926797777414322,0.09827534267038848,0.0014467239379882812,0
28,0.2184827715754509,0.5116268908977508,1.0985373158454894,0.5116324424743652,0.9518577456474304,1.1484882831573486,0.0015544891357421875,0.69256591796875,0.9989103742118459,0.0125732421875,1.4005032777786255,1.1101398468017578,1.2253150939941406,0.98065185546875,0.8009033203125,0.182717964053154,0.0030612945556640625,0.5579833984375,0.9983920686645433,0.01617431640625,1.3893382549285889,1.0626826286315918,1.1934674978256226,0.981689453125,0.77581787109375,0.17249882221221924,4.76837158203125e-05,0.95819091796875,0.9994286797591485,0.008056640625,1.4116681814193726,1.1813596487045288,1.261880874633789,0.9947509765625,0.6085205078125,0.12162867933511734,0.09813548681628959,0.0014467239379882812,1
29,0.2166802676320076,0.5093670174777508,1.0982122052907943,0.5129923820495605,0.9460789561271667,1.1246837377548218,0.001476287841796875,0.7054443359375,0.9989351020776667,0.011088371276855469,1.399343729019165,1.1084904670715332,1.2239375114440918,0.98175048828125,0.80419921875,0.18474364280700684,0.002887725830078125,0.57220458984375,0.9984948281780817,0.014169692993164062,1.3901125192642212,1.0631459951400757,1.1952879428863525,0.9827880859375,0.7781982421875,0.1728316694498062,6.4849853515625e-05,0.95611572265625,0.9993753759772517,0.007568359375,1.4085750579833984,1.1714684963226318,1.2551130056381226,0.9942626953125,0.62109375,0.1264992654323578,0.09799028682975394,0.0014467239379882812,2
30,0.21646609748899936,0.5089085181355476,1.0979087998867034,0.503981351852417,0.9409259557723999,1.1462929248809814,0.0014257431030273438,0.720703125,0.9989357403537724,0.012559890747070312,1.3983843326568604,1.1063233613967896,1.2233835458755493,0.97943115234375,0.80224609375,0.17950373888015747,0.0028133392333984375,0.5626220703125,0.9984106220654212,0.01641845703125,1.3861430883407593,1.0568734407424927,1.188520908355713,0.98046875,0.7779541015625,0.17020410299301147,3.814697265625e-05,0.96124267578125,0.9994608586421236,0.007343292236328125,1.4106258153915405,1.1823458671569824,1.2632741928100586,0.99505615234375,0.59283447265625,0.11524315923452377,0.09783975884804061,0.0014257431030273438,0
31,0.2142356851398945,0.5069031611979008,1.0983430843353272,0.5069820880889893,0.9415187239646912,1.1352802515029907,0.0013265609741210938,0.71978759765625,0.9990835722419433,0.01165771484375,1.4000144004821777,1.1096841096878052,1.2229490280151367,0.98150634765625,0.7977294921875,0.18037919700145721,0.0026302337646484375,0.572509765625,0.9986005269456655,0.0147705078125,1.3859913349151611,1.0629987716674805,1.1894601583480835,0.98236083984375,0.77313232421875,0.1713145226240158,2.288818359375e-05,0.96392822265625,0.9995666175382212,0.00750732421875,1.4140372276306152,1.1814755201339722,1.2636948823928833,0.9952392578125,0.59844970703125,0.11598574370145798,0.09768391960055223,0.0013265609741210938,0
32,0.21227278147637843,0.5047145896852017,1.0981282238960266,0.5049369931221008,0.9499471187591553,1.1401991844177246,0.0015811920166015625,0.69232177734375,0.9989506061247084,0.01190185546875,1.4028654098510742,1.1103631258010864,1.2283319234848022,0.9814453125,0.7904052734375,0.1775791198015213,0.003108978271484375,0.55035400390625,0.9984482886502519,0.0152587890625,1.3915557861328125,1.0612375736236572,1.1944921016693115,0.9822998046875,0.767578125,0.16810886561870575,5.340576171875e-05,0.9595947265625,0.9994529235991649,0.00750732421875,1.4141747951507568,1.186883568763733,1.2671936750411987,0.99566650390625,0.58294677734375,0.11474692821502686,0.0975227864069757,0.0013265609741210938,1
33,0.21139765579998493,0.5041309377849102,1.0985271663665772,0.5080220103263855,0.9464243054389954,1.137699007987976,0.0014190673828125,0.7132568359375,0.9989980299724266,0.011595726013183594,1.401865839958191,1.1142246723175049,1.2281235456466675,0.9801025390625,0.794921875,0.1783198118209839,0.00278472900390625,0.560791015625,0.9985681533580646,0.014385223388671875,1.3944441080093384,1.069563627243042,1.1992400884628296,0.9813232421875,0.7662353515625,0.16711121797561646,5.340576171875e-05,0.95648193359375,0.9994279065867886,0.00762939453125,1.4092875719070435,1.1771111488342285,1.2590293884277344,0.9951171875,0.60845947265625,0.12104187160730362,0.09735637717535739,0.0013265609741210938,2
34,0.2103962295204401,0.502887849599123,1.0984016613960266,0.5077527761459351,0.9469255208969116,1.139113187789917,0.0015764236450195312,0.69512939453125,0.999021688796347,0.01202392578125,1.402745246887207,1.1111994981765747,1.2303459644317627,0.98028564453125,0.78973388671875,0.1798829883337021,0.003116607666015625,0.55169677734375,0.9985150027205236,0.015625,1.3926169872283936,1.0592234134674072,1.195931315422058,0.98089599609375,0.7664794921875,0.17077116668224335,3.62396240234375e-05,0.9603271484375,0.9995283748721704,0.007080078125,1.4128737449645996,1.1886827945709229,1.2667181491851807,0.995849609375,0.59014892578125,0.11638370901346207,0.0971847104001128,0.0013265609741210938,3
35,0.21011364491283893,0.5025909160971641,1.0985092004537582,0.5052725076675415,0.9423025846481323,1.1358487606048584,0.0015020370483398438,0.71142578125,0.9989913421450183,0.01153564453125,1.3990846872329712,1.1095287799835205,1.226098656654358,0.98223876953125,0.79443359375,0.18017129600048065,0.00295257568359375,0.54302978515625,0.9985263296402991,0.014814376831054688,1.3891336917877197,1.0600790977478027,1.1947447061538696,0.9830322265625,0.770263671875,0.17001725733280182,5.14984130859375e-05,0.95904541015625,0.9994563546497375,0.0071468353271484375,1.409035563468933,1.1788344383239746,1.2608813047409058,0.99560546875,0.59893798828125,0.11871609836816788,0.09700780515997112,0.0013265609741210938,4
36,0.20910000295937062,0.5022309954762458,1.0990504919290542,0.5059517621994019,0.9336605668067932,1.1266344785690308,0.0013170242309570312,0.6949462890625,0.9990855108771939,0.010986328125,1.4005606174468994,1.1113590002059937,1.2262903451919556,0.982666015625,0.79705810546875,0.1781734824180603,0.0026073455810546875,0.552490234375,0.9986324775964022,0.0142822265625,1.3888211250305176,1.0627644062042236,1.1935770511627197,0.983642578125,0.77484130859375,0.16860051453113556,2.6702880859375e-05,0.96612548828125,0.9995385441579856,0.00665283203125,1.4123002290725708,1.1827311515808105,1.26308012008667,0.9949951171875,0.59686279296875,0.11565148085355759,0.0968256811158549,0.0013170242309570312,0
37,0.2090804708302021,0.5017191594541073,1.0986428003311157,0.49902409315109253,0.9328391551971436,1.124610424041748,0.0015850067138671875,0.69476318359375,0.9990494135126937,0.0118408203125,1.3993715047836304,1.0998106002807617,1.2215821743011475,0.9814453125,0.7984619140625,0.1795564889907837,0.0030994415283203125,0.5252685546875,0.9985307694878429,0.015869140625,1.3849085569381714,1.0496139526367188,1.1839993000030518,0.9820556640625,0.77484130859375,0.17084075510501862,7.05718994140625e-05,0.95465087890625,0.9995680575375445,0.0067138671875,1.4138344526290894,1.182767391204834,1.2658674716949463,0.99676513671875,0.57952880859375,0.1109660267829895,0.09663835850869497,0.0013170242309570312,1
38,0.20547589763998986,0.498980779081583,1.099820014357567,0.5068233609199524,0.9409229159355164,1.1380367279052734,0.0013933181762695312,0.6934814453125,0.9990618826413993,0.01166534423828125,1.4033030271530151,1.1153788566589355,1.2320884466171265,0.9810791015625,0.786865234375,0.1768641322851181,0.0027751922607421875,0.55242919921875,0.9985862009925768,0.01507568359375,1.392099380493164,1.065965175628662,1.1991755962371826,0.98175048828125,0.7623291015625,0.16762465238571167,1.1444091796875e-05,0.96380615234375,0.9995375642902218,0.00689697265625,1.4145069122314453,1.1893221139907837,1.268599033355713,0.9959716796875,0.58526611328125,0.11456418037414551,0.09644585815718085,0.0013170242309570312,2
39,0.20645013031363488,0.499548982411623,1.0993222377300262,0.5024057626724243,0.9459412097930908,1.1424570083618164,0.001678466796875,0.7095947265625,0.9987960795988329,0.012538909912109375,1.3950729370117188,1.1029887199401855,1.2211310863494873,0.980712890625,0.7999267578125,0.18090738356113434,0.00327301025390625,0.55877685546875,0.9982842762838118,0.015869140625,1.3851470947265625,1.0547593832015991,1.1894549131393433,0.9820556640625,0.775634765625,0.17039567232131958,8.392333984375e-05,0.95220947265625,0.999307882913854,0.00830078125,1.4049988985061646,1.1721510887145996,1.255994200706482,0.99365234375,0.60174560546875,0.11992651224136353,0.09624820145544706,0.0013170242309570312,3
40,0.2046603147685528,0.49787100034952164,1.0995144220590591,0.5045430660247803,0.9419001340866089,1.1376397609710693,0.0014848709106445312,0.68585205078125,0.9989940602972638,0.01202392578125,1.3965721130371094,1.102847695350647,1.2202266454696655,0.9810791015625,0.80047607421875,0.18253618478775024,0.0029163360595703125,0.5615234375,0.9984733937308192,0.01531982421875,1.3840361833572388,1.0539261102676392,1.1853960752487183,0.9818115234375,0.776611328125,0.17334194481372833,5.340576171875e-05,0.95660400390625,0.9995147268637083,0.007568359375,1.4091079235076904,1.1786752939224243,1.261587142944336,0.99542236328125,0.59820556640625,0.11682602018117905,0.09604541037069533,0.0013170242309570312,4
41,0.20503671453893185,0.49818045607209205,1.09945508146286,0.4992828667163849,0.9285925030708313,1.110365629196167,0.001377105712890625,0.71331787109375,0.9992219615378417,0.01019287109375,1.4015666246414185,1.107812762260437,1.226784110069275,0.98309326171875,0.7882080078125,0.17543327808380127,0.0027217864990234375,0.56884765625,0.9988049183157273,0.01348876953125,1.390331745147705,1.0582599639892578,1.1931363344192505,0.98358154296875,0.76422119140625,0.16609139740467072,3.24249267578125e-05,0.9638671875,0.9996390047599562,0.00604248046875,1.4128016233444214,1.1820030212402344,1.263871669769287,0.99676513671875,0.58380126953125,0.11245861649513245,0.09583750744075334,0.0013170242309570312,5
42,0.20367678490281105,0.4970856403708458,1.0998451319932938,0.5017068386077881,0.9376160502433777,1.1272525787353516,0.0014905929565429688,0.69091796875,0.999131493997993,0.010883331298828125,1.4030582904815674,1.1117959022521973,1.2308144569396973,0.98291015625,0.78753662109375,0.17450426518917084,0.0029506683349609375,0.5653076171875,0.9986792275449261,0.014345169067382812,1.3919012546539307,1.0605791807174683,1.1973280906677246,0.98358154296875,0.76513671875,0.16526688635349274,3.0517578125e-05,0.96246337890625,0.9995837604510598,0.0065364837646484375,1.414215326309204,1.1874042749404907,1.2672206163406372,0.9962158203125,0.58575439453125,0.11200076341629028,0.09562451577156977,0.0013170242309570312,6
43,0.2038399687409401,0.4971311721205711,1.0997121759653092,0.49755388498306274,0.920498788356781,1.101006269454956,0.0012254714965820312,0.7109375,0.9992342670739163,0.009613037109375,1.4012678861618042,1.1074907779693604,1.2246884107589722,0.98455810546875,0.7882080078125,0.17430083453655243,0.00243377685546875,0.57403564453125,0.9988158404012211,0.01300048828125,1.387749195098877,1.0575495958328247,1.1882283687591553,0.98492431640625,0.765625,0.16619688272476196,1.71661376953125e-05,0.96795654296875,0.9996526937466115,0.0052490234375,1.4147868156433105,1.1884169578552246,1.2675459384918213,0.99725341796875,0.57366943359375,0.10717460513114929,0.09540645903464645,0.0012254714965820312,0
44,0.20239895693957805,0.49529689067602156,1.099473064303398,0.5055133104324341,0.948905885219574,1.1403436660766602,0.0017042160034179688,0.68048095703125,0.9988685089047067,0.012264251708984375,1.4027228355407715,1.1100493669509888,1.228840947151184,0.9825439453125,0.79180908203125,0.1795470267534256,0.00334930419921875,0.5396728515625,0.9983500652015209,0.015869140625,1.3919787406921387,1.0574142932891846,1.196631908416748,0.98333740234375,0.76904296875,0.1695180982351303,5.91278076171875e-05,0.95672607421875,0.9993869526078925,0.00732421875,1.4134670495986938,1.1822704076766968,1.2645044326782227,0.99517822265625,0.59405517578125,0.11779318004846573,0.09518336146440745,0.0012254714965820312,1
45,0.2018434895724058,0.49467599171400073,1.0995859092473983,0.5090898275375366,0.9449819326400757,1.1362268924713135,0.0015077590942382812,0.69989013671875,0.99907072095084,0.011641502380371094,1.4008831977844238,1.1113319396972656,1.2270655632019043,0.98199462890625,0.7998046875,0.18186552822589874,0.0029773712158203125,0.5340576171875,0.9986148243187927,0.0147705078125,1.3914988040924072,1.0618770122528076,1.1963835954666138,0.98291015625,0.77435302734375,0.17101401090621948,3.814697265625e-05,0.9595947265625,0.9995266175828874,0.00738525390625,1.4102678298950195,1.1781724691390991,1.259326696395874,0.9954833984375,0.60955810546875,0.12137245386838913,0.09495524785550584,0.0012254714965820312,2
46,0.20141985742747784,0.49387240314483644,1.0991321561336518,0.5040833353996277,0.9451863765716553,1.1338318586349487,0.0015211105346679688,0.68670654296875,0.9989453624293674,0.01177978515625,1.3984546661376953,1.1084041595458984,1.2254812717437744,0.981689453125,0.7880859375,0.17881757020950317,0.002994537353515625,0.55816650390625,0.9984760444494896,0.015642166137695312,1.389509677886963,1.0619778633117676,1.1948084831237793,0.982421875,0.76287841796875,0.1688011735677719,4.76837158203125e-05,0.9573974609375,0.9994146804092452,0.0073833465576171875,1.4073996543884277,1.176882266998291,1.2581193447113037,0.9951171875,0.60015869140625,0.11861977726221085,0.09472214356006795,0.0012254714965820312,3
47,0.20017798855900765,0.49321907782554625,1.099700584292412,0.5044320821762085,0.9411295652389526,1.1298590898513794,0.0013980865478515625,0.71142578125,0.9991224405530374,0.0108642578125,1.4026052951812744,1.1150305271148682,1.2301403284072876,0.98193359375,0.7900390625,0.17567603290081024,0.0027599334716796875,0.5465087890625,0.9986727438517846,0.014593124389648438,1.3933745622634888,1.0650047063827515,1.198421597480774,0.982666015625,0.7645263671875,0.1660032868385315,3.62396240234375e-05,0.96051025390625,0.9995721372542903,0.0067310333251953125,1.4118356704711914,1.1850827932357788,1.264459252357483,0.9957275390625,0.5894775390625,0.11517142504453659,0.0944840744848758,0.0012254714965820312,4
48,0.2002248999774456,0.4931763070821762,1.099740009188652,0.4956117272377014,0.918565034866333,1.106082797050476,0.0013484954833984375,0.70361328125,0.9992007651308086,0.01031494140625,1.3989379405975342,1.1006908416748047,1.2208194732666016,0.98382568359375,0.79974365234375,0.17611505091190338,0.002655029296875,0.564208984375,0.9987436633673497,0.0135498046875,1.3849917650222778,1.0496914386749268,1.1834609508514404,0.98419189453125,0.77801513671875,0.16762535274028778,4.1961669921875e-05,0.96282958984375,0.9996578668942675,0.00592041015625,1.4128838777542114,1.183375597000122,1.2662725448608398,0.99639892578125,0.5791015625,0.10768909007310867,0.09424106708848791,0.0012254714965820312,5
49,0.19880860805511474,0.49161642560362817,1.0997276431322098,0.4979953169822693,0.9280649423599243,1.1157792806625366,0.0014801025390625,0.6878662109375,0.9991216944472399,0.010886192321777344,1.4018090963363647,1.1014829874038696,1.2238523960113525,0.98297119140625,0.794189453125,0.17730838060379028,0.002910614013671875,0.51959228515625,0.9986406181124039,0.014461517333984375,1.3870254755020142,1.0503610372543335,1.187014102935791,0.98388671875,0.77545166015625,0.16839952766895294,4.9591064453125e-05,0.95928955078125,0.9996027707820758,0.00655364990234375,1.4165927171707153,1.1830880641937256,1.2671589851379395,0.99639892578125,0.57470703125,0.11065498739480972,0.09399314837829875,0.0012254714965820312,6
50,0.1975129309296608,0.49058380830287934,1.1001679501533508,0.49886488914489746,0.9241239428520203,1.1188411712646484,0.0013027191162109375,0.69635009765625,0.9991860089066904,0.010634422302246094,1.4033973217010498,1.1085387468338013,1.2281136512756348,0.98370361328125,0.78460693359375,0.1743767112493515,0.002574920654296875,0.54071044921875,0.9987447299063206,0.01348876953125,1.3907043933868408,1.0566452741622925,1.1925665140151978,0.9844970703125,0.76092529296875,0.16550345718860626,3.0517578125e-05,0.96453857421875,0.9996272879070602,0.005615234375,1.4160903692245483,1.1875327825546265,1.268345832824707,0.9962158203125,0.573974609375,0.10955644398927689,0.09374034590753712,0.0012254714965820312,7
51,0.1981999534368515,0.4915361209511757,1.1002957133054734,0.502885639667511,0.9269635677337646,1.1199628114700317,0.001293182373046875,0.69390869140625,0.9992419740883633,0.010498046875,1.4006307125091553,1.1107275485992432,1.2274844646453857,0.983154296875,0.79229736328125,0.17648492753505707,0.0025634765625,0.5589599609375,0.9988213196047582,0.013427734375,1.3899295330047607,1.0604369640350342,1.1947237253189087,0.9840087890625,0.769287109375,0.1667449027299881,2.288818359375e-05,0.964599609375,0.9996626285719685,0.0065364837646484375,1.4113320112228394,1.183597207069397,1.2634084224700928,0.99603271484375,0.590087890625,0.11476275324821472,0.09348268777220398,0.0012254714965820312,8
52,0.19636512669920922,0.4896806685626507,1.100406799674034,0.498096764087677,0.9163060784339905,1.1084039211273193,0.0011568069458007812,0.7056884765625,0.9992551512841601,0.0101318359375,1.3974288702011108,1.1060383319854736,1.2236636877059937,0.982177734375,0.7943115234375,0.17436610162258148,0.0022869110107421875,0.56219482421875,0.9988430577795953,0.01351165771484375,1.387211561203003,1.0571516752243042,1.1884534358978271,0.98248291015625,0.76910400390625,0.16559000313282013,2.6702880859375e-05,0.96856689453125,0.9996672447887249,0.0059375762939453125,1.4076459407806396,1.1833854913711548,1.2616136074066162,0.996826171875,0.58831787109375,0.10941135138273239,0.09322020260794991,0.0011568069458007812,0
53,0.19621559405326844,0.48961245754361155,1.1005661625862122,0.4965754747390747,0.9222481846809387,1.1113066673278809,0.0013647079467773438,0.696044921875,0.9992292164824903,0.0106658935546875,1.397828221321106,1.1015065908432007,1.2209869623184204,0.98248291015625,0.792724609375,0.17703808844089508,0.0027103424072265625,0.56964111328125,0.9987784966360778,0.01458740234375,1.3854339122772217,1.0487816333770752,1.184539556503296,0.9827880859375,0.7696533203125,0.1685629040002823,1.9073486328125e-05,0.96807861328125,0.9996799363289028,0.00579833984375,1.4102227687835693,1.1837936639785767,1.261832356452942,0.9969482421875,0.5797119140625,0.10985033959150314,0.09295291958689261,0.0011568069458007812,1
54,0.19681285551190375,0.49026958662271497,1.1005007160902023,0.5031838417053223,0.926796555519104,1.1246426105499268,0.0013036727905273438,0.69384765625,0.9992128880694509,0.0106201171875,1.4019768238067627,1.1117852926254272,1.2284941673278809,0.98394775390625,0.7900390625,0.17625974118709564,0.0025806427001953125,0.56494140625,0.9987680115737021,0.013916015625,1.3906948566436768,1.0589433908462524,1.1941841840744019,0.98443603515625,0.7705078125,0.16727180778980255,2.6702880859375e-05,0.96539306640625,0.9996577645651996,0.0062255859375,1.4132585525512695,1.1878074407577515,1.266884684562683,0.99676513671875,0.58343505859375,0.11270701140165329,0.09268086841437474,0.0011568069458007812,2
55,0.1963709423840046,0.48923174369335176,1.1001480796337129,0.5029293894767761,0.9354150891304016,1.1359754800796509,0.0014581680297851562,0.68353271484375,0.9989722343161702,0.011555671691894531,1.4021921157836914,1.1108076572418213,1.2283369302749634,0.981201171875,0.79278564453125,0.17574895918369293,0.0028705596923828125,0.541259765625,0.9984851905028336,0.0152587890625,1.3916363716125488,1.06103515625,1.196156620979309,0.982177734375,0.76776123046875,0.1655431091785431,4.57763671875e-05,0.95819091796875,0.9994592781295069,0.0073394775390625,1.4127479791641235,1.1818315982818604,1.263535976409912,0.99456787109375,0.59002685546875,0.11479061096906662,0.09240407932566252,0.0011568069458007812,3
56,0.1958816627562046,0.4891433918774128,1.100419350028038,0.502069890499115,0.9288440942764282,1.1151182651519775,0.0014591217041015625,0.692626953125,0.9992165285802912,0.01092529296875,1.4024684429168701,1.103131651878357,1.2249410152435303,0.98187255859375,0.79254150390625,0.18028688430786133,0.0028820037841796875,0.55072021484375,0.9987285910174251,0.01434326171875,1.3869948387145996,1.051023244857788,1.1861703395843506,0.98260498046875,0.77301025390625,0.17227138578891754,3.62396240234375e-05,0.9661865234375,0.9997044661431573,0.0056629180908203125,1.4179421663284302,1.1915985345840454,1.271006464958191,0.9959716796875,0.57470703125,0.11089430004358292,0.09212258308258545,0.0011568069458007812,4
57,0.19324166041612625,0.4866414149105549,1.1008392537832261,0.507131040096283,0.9351930022239685,1.1288173198699951,0.001300811767578125,0.68829345703125,0.9990730973950122,0.01080322265625,1.403118371963501,1.115093469619751,1.23166024684906,0.98138427734375,0.7874755859375,0.17726294696331024,0.0025634765625,0.5494384765625,0.9986317830043845,0.013813018798828125,1.3932334184646606,1.0674169063568115,1.199231743812561,0.9818115234375,0.76513671875,0.1675228476524353,3.814697265625e-05,0.96295166015625,0.9995144117856398,0.00677490234375,1.4130035638809204,1.1855900287628174,1.2671375274658203,0.99591064453125,0.5894775390625,0.11583568900823593,0.09183641097011751,0.0011568069458007812,5
58,0.19464123144745826,0.48820854660868646,1.1009763485193254,0.5031431317329407,0.9249157309532166,1.1194474697113037,0.0012941360473632812,0.6923828125,0.9991244991542771,0.010498046875,1.3997069597244263,1.1118179559707642,1.228506088256836,0.98291015625,0.78851318359375,0.17539946734905243,0.0025577545166015625,0.556884765625,0.9986857934854925,0.01416015625,1.3901649713516235,1.0613101720809937,1.1953920125961304,0.98394775390625,0.7655029296875,0.16630281507968903,3.0517578125e-05,0.9642333984375,0.9995632048230618,0.00634765625,1.40924870967865,1.1869480609893799,1.2640048265457153,0.99603271484375,0.589111328125,0.11300161480903625,0.09154559479290017,0.0011568069458007812,6
59,0.19321216164529323,0.4865091269314289,1.1007485488653184,0.5035730004310608,0.9378694295883179,1.1286147832870483,0.00148773193359375,0.67950439453125,0.999122237728443,0.01123046875,1.399857997894287,1.1078605651855469,1.2263524532318115,0.98162841796875,0.79364013671875,0.17751534283161163,0.0029010772705078125,0.5228271484375,0.9986724401824176,0.014348983764648438,1.3910179138183594,1.057558536529541,1.1949628591537476,0.982421875,0.76763916015625,0.16688750684261322,7.43865966796875e-05,0.9554443359375,0.9995720352744684,0.0069732666015625,1.4086977243423462,1.17835533618927,1.259543776512146,0.99554443359375,0.59893798828125,0.11709428578615189,0.09125016687170771,0.0011568069458007812,7
60,0.19238100449740886,0.4859010076522827,1.1011088494062424,0.5006164908409119,0.9215726256370544,1.1210731267929077,0.00135040283203125,0.666748046875,0.9991842764720786,0.010892868041992188,1.4002535343170166,1.1074414253234863,1.2252553701400757,0.983154296875,0.7960205078125,0.17678843438625336,0.00267791748046875,0.54541015625,0.998727269587107,0.01397705078125,1.3873772621154785,1.0550938844680786,1.1897923946380615,0.98382568359375,0.7745361328125,0.16838747262954712,2.288818359375e-05,0.9649658203125,0.9996412833570503,0.006103515625,1.4131299257278442,1.1849359273910522,1.2664309740066528,0.99652099609375,0.5858154296875,0.11016220599412918,0.09095016003985519,0.0011568069458007812,8
61,0.19279248197376728,0.48588249760866165,1.1007091693878175,0.49558156728744507,0.9189131259918213,1.1150833368301392,0.0013275146484375,0.68194580078125,0.999265141581418,0.010498046875,1.4003897905349731,1.106695532798767,1.226243019104004,0.9825439453125,0.7855224609375,0.17344681918621063,0.0026264190673828125,0.56549072265625,0.9988497801823542,0.01361083984375,1.3889224529266357,1.0564136505126953,1.1931356191635132,0.98297119140625,0.75982666015625,0.16378425061702728,2.86102294921875e-05,0.962890625,0.9996805029804818,0.00592041015625,1.4118571281433105,1.179855465888977,1.2628428936004639,0.99700927734375,0.58343505859375,0.11040165275335312,0.09064560763954928,0.0011568069458007812,9
62,0.19150586449354887,0.48496710819005967,1.101079535007477,0.498775839805603,0.9288488030433655,1.127120852470398,0.0014772415161132812,0.6900634765625,0.9990547810448334,0.01165771484375,1.3983657360076904,1.1031434535980225,1.223189353942871,0.98248291015625,0.793212890625,0.17715565860271454,0.002910614013671875,0.5394287109375,0.9985690103494562,0.01483154296875,1.387574553489685,1.0518139600753784,1.1880090236663818,0.9830322265625,0.772216796875,0.16842293739318848,4.38690185546875e-05,0.960205078125,0.9995405517402105,0.006591796875,1.4091567993164062,1.1840451955795288,1.263704776763916,0.9967041015625,0.584716796875,0.11081599444150925,0.09033654351818281,0.0011568069458007812,10
63,0.19192951311171055,0.4857859210073948,1.1014836015701295,0.49619805812835693,0.9251991510391235,1.1195200681686401,0.0013017654418945312,0.68316650390625,0.9991461710014846,0.0108642578125,1.398209810256958,1.105268955230713,1.2218835353851318,0.9835205078125,0.791259765625,0.17558638751506805,0.00257110595703125,0.54522705078125,0.9986877979827113,0.0140380859375,1.3856161832809448,1.0560081005096436,1.1873527765274048,0.98370361328125,0.767578125,0.1670018434524536,3.24249267578125e-05,0.9652099609375,0.9996045440202579,0.00653076171875,1.4108034372329712,1.180878758430481,1.2615402936935425,0.99664306640625,0.5804443359375,0.11102261394262314,0.09002300202457297,0.0011568069458007812,11
64,0.19247179927676916,0.4862400597631931,1.1013320337533952,0.5057027339935303,0.9399588108062744,1.1542415618896484,0.0014657974243164062,0.67449951171875,0.9988372232473921,0.012939453125,1.4015040397644043,1.1129601001739502,1.2293678522109985,0.9798583984375,0.78759765625,0.17806875705718994,0.0028839111328125,0.552001953125,0.9983095701900311,0.01641845703125,1.3899116516113281,1.063754677772522,1.1971030235290527,0.98095703125,0.76214599609375,0.16872172057628632,4.76837158203125e-05,0.956787109375,0.9993648763047531,0.00811767578125,1.41309654712677,1.1836557388305664,1.2656631469726562,0.99481201171875,0.59075927734375,0.11545846611261368,0.08970501800514386,0.0011568069458007812,12
65,0.1926072795689106,0.4861160106360912,1.1010398371219634,0.49498629570007324,0.91201251745224,1.1115144491195679,0.0012912750244140625,0.68609619140625,0.9992332666006405,0.010354995727539062,1.4030953645706177,1.1063528060913086,1.2290728092193604,0.98236083984375,0.78497314453125,0.17258459329605103,0.0025691986083984375,0.552001953125,0.998800900997594,0.013671875,1.3918468952178955,1.0534096956253052,1.1915987730026245,0.98272705078125,0.76361083984375,0.16439925134181976,1.33514404296875e-05,0.9664306640625,0.999665632203687,0.00555419921875,1.4143437147140503,1.1890313625335693,1.2704129219055176,0.99725341796875,0.5665283203125,0.10406837612390518,0.08938262680005368,0.0011568069458007812,13
66,0.1910423549115658,0.48489792251586916,1.1015433444976808,0.4999160170555115,0.9258238077163696,1.1218132972717285,0.0013685226440429688,0.68646240234375,0.9992217306571547,0.010382652282714844,1.4023882150650024,1.1120514869689941,1.2307831048965454,0.983154296875,0.786376953125,0.1734306663274765,0.0027103424072265625,0.54803466796875,0.9987746720435098,0.01348876953125,1.390516996383667,1.0590486526489258,1.1967260837554932,0.983642578125,0.76434326171875,0.16436819732189178,2.6702880859375e-05,0.96514892578125,0.9996687892707996,0.00616455078125,1.4142591953277588,1.1875053644180298,1.2689249515533447,0.99639892578125,0.58038330078125,0.10963260382413864,0.0890558642392672,0.0011568069458007812,14
67,0.19035570888221265,0.4842137484252453,1.1016748778820038,0.5002230405807495,0.9287171959877014,1.1221367120742798,0.0013055801391601562,0.67236328125,0.9991701057297178,0.0106201171875,1.4034476280212402,1.112857460975647,1.2301759719848633,0.98187255859375,0.78070068359375,0.1741485744714737,0.002574920654296875,0.53912353515625,0.998733734129928,0.013820648193359375,1.392959713935852,1.063119649887085,1.1970160007476807,0.982421875,0.75433349609375,0.16486968100070953,3.62396240234375e-05,0.961669921875,0.9996064773295075,0.00665283203125,1.4139355421066284,1.1847383975982666,1.2667659521102905,0.9962158203125,0.58258056640625,0.11137106269598007,0.08872476663857354,0.0011568069458007812,15
68,0.190029862716794,0.48354318699240684,1.1012793630361557,0.5001078248023987,0.9328519105911255,1.130122184753418,0.0016775131225585938,0.67266845703125,0.9990063637669664,0.01177978515625,1.3985830545425415,1.1013813018798828,1.2238454818725586,0.98187255859375,0.7933349609375,0.17978937923908234,0.0033016204833984375,0.546875,0.9984894371009432,0.0152587890625,1.386582851409912,1.0455458164215088,1.1885242462158203,0.98284912109375,0.76953125,0.17041444778442383,5.340576171875e-05,0.959228515625,0.9995232904329896,0.0072021484375,1.4105831384658813,1.1805671453475952,1.2626893520355225,0.99542236328125,0.5838623046875,0.11417018622159958,0.08838937079555019,0.0011568069458007812,16
69,0.19073109401762486,0.48401793783903124,1.1010912883281707,0.5036865472793579,0.9266138672828674,1.1175364255905151,0.0012722015380859375,0.69024658203125,0.9992285053594969,0.010311126708984375,1.401973009109497,1.1128618717193604,1.2295433282852173,0.9835205078125,0.7894287109375,0.1759881228208542,0.0025196075439453125,0.55291748046875,0.998807565192692,0.0133209228515625,1.391025185585022,1.0611863136291504,1.1968008279800415,0.98394775390625,0.76483154296875,0.1666797399520874,2.47955322265625e-05,0.96588134765625,0.9996494455263019,0.0059814453125,1.4129209518432617,1.184602975845337,1.2655155658721924,0.9967041015625,0.59088134765625,0.11251905560493469,0.0880497139854734,0.0011568069458007812,17
70,0.1904661131054163,0.4840443755090237,1.1014023432731628,0.4963383376598358,0.9150301814079285,1.1178897619247437,0.0013065338134765625,0.675048828125,0.9991759019030724,0.010857684795673077,1.3976492881774902,1.1034352779388428,1.2215454578399658,0.98321533203125,0.79351806640625,0.17572815716266632,0.0025882720947265625,0.541259765625,0.9987416400690563,0.013916015625,1.3871020078659058,1.052072286605835,1.1879487037658691,0.9840087890625,0.76995849609375,0.1665298044681549,2.47955322265625e-05,0.96575927734375,0.9996101637370884,0.0064697265625,1.4081968069076538,1.1784073114395142,1.2587522268295288,0.9964599609375,0.59478759765625,0.11119943857192993,0.0877058339571754,0.0011568069458007812,18
71,0.1888703986555338,0.4830875979959965,1.102104858279228,0.4949745535850525,0.9194151759147644,1.1206666231155396,0.0015459060668945312,0.66156005859375,0.999118013511179,0.01116943359375,1.3996237516403198,1.1004493236541748,1.2247021198272705,0.9820556640625,0.79449462890625,0.17584501206874847,0.0030670166015625,0.52886962890625,0.9986339997849427,0.0145111083984375,1.3877235651016235,1.0447462797164917,1.188856601715088,0.9827880859375,0.7725830078125,0.16656506061553955,2.47955322265625e-05,0.9654541015625,0.9996020272374153,0.00640869140625,1.4115239381790161,1.182413101196289,1.2641351222991943,0.99603271484375,0.57965087890625,0.10981204360723495,0.08735776892884921,0.0011568069458007812,19
72,0.18741305582225323,0.48169904759526255,1.1022677215337753,0.49792373180389404,0.9173961877822876,1.118217945098877,0.0012369155883789062,0.66119384765625,0.9992346839862876,0.010447502136230469,1.399969220161438,1.11008620262146,1.2282938957214355,0.98333740234375,0.78448486328125,0.17287464439868927,0.002460479736328125,0.5548095703125,0.9987959528225474,0.01336669921875,1.3872653245925903,1.058139443397522,1.1938817501068115,0.98388671875,0.76263427734375,0.16424573957920074,1.33514404296875e-05,0.968994140625,0.9996734151500277,0.00628662109375,1.4126728773117065,1.1872614622116089,1.2669610977172852,0.99658203125,0.5806884765625,0.10899318009614944,0.08700555758380092,0.0011568069458007812,20
73,0.18751953119039536,0.4813438269793987,1.1019961054325105,0.4966009855270386,0.9248580932617188,1.1074455976486206,0.0014085769653320312,0.67901611328125,0.9992433546576649,0.01019287109375,1.399576187133789,1.103788137435913,1.2240155935287476,0.98309326171875,0.789306640625,0.17552942037582397,0.0027923583984375,0.533203125,0.9988131682621315,0.01336669921875,1.3882131576538086,1.0508263111114502,1.1903587579727173,0.9837646484375,0.766357421875,0.16611815989017487,2.47955322265625e-05,0.965576171875,0.9996735410531983,0.0061798095703125,1.4109394550323486,1.180938720703125,1.261502981185913,0.9969482421875,0.5870361328125,0.11161580681800842,0.08664923906615073,0.0011568069458007812,21
74,0.1886183320209384,0.4826910484731197,1.1020133744478227,0.499313086271286,0.9239261150360107,1.1139814853668213,0.0014219284057617188,0.67578125,0.9992764400085434,0.010633468627929688,1.3995625972747803,1.1055389642715454,1.2248438596725464,0.982421875,0.789794921875,0.17682038247585297,0.002811431884765625,0.5465087890625,0.998850064992439,0.0137939453125,1.3878281116485596,1.0535742044448853,1.1908003091812134,0.9830322265625,0.76690673828125,0.16769306361675262,3.24249267578125e-05,0.96514892578125,0.9997028150246479,0.0057373046875,1.411297082901001,1.1822059154510498,1.26324462890625,0.99658203125,0.58624267578125,0.1113440990447998,0.08628885297648235,0.0011568069458007812,22
75,0.18776468317210673,0.48156077587604523,1.1018627741336822,0.4991033375263214,0.9266166687011719,1.1280347108840942,0.0014820098876953125,0.66510009765625,0.9991027442447376,0.011690139770507812,1.4006472826004028,1.103562355041504,1.2269705533981323,0.9825439453125,0.78985595703125,0.17684389650821686,0.00293731689453125,0.5400390625,0.9986201669089496,0.0150146484375,1.3879549503326416,1.0498398542404175,1.191357135772705,0.98309326171875,0.76776123046875,0.16782276332378387,2.6702880859375e-05,0.96197509765625,0.9995853215805255,0.00640869140625,1.4133394956588745,1.1839791536331177,1.2661974430084229,0.99652099609375,0.5838623046875,0.11106481403112411,0.08592443936744203,0.0011568069458007812,23
76,0.1881181480884552,0.48252730175852776,1.102406210064888,0.4964218735694885,0.9280245304107666,1.1158051490783691,0.0015249252319335938,0.6766357421875,0.9991701178369112,0.01055908203125,1.4002350568771362,1.1017765998840332,1.2250069379806519,0.9833984375,0.79010009765625,0.1755165457725525,0.0030117034912109375,0.5589599609375,0.9987073022057302,0.0140380859375,1.388973593711853,1.0490779876708984,1.191563367843628,0.98382568359375,0.765869140625,0.16545625030994415,3.814697265625e-05,0.96356201171875,0.9996329334680922,0.007080078125,1.4114965200424194,1.1774842739105225,1.2616541385650635,0.996826171875,0.583740234375,0.11196032911539078,0.08555603873928706,0.0011568069458007812,24
77,0.18752930049598218,0.48172769364714624,1.1023595324754716,0.4991704225540161,0.9188194274902344,1.1106590032577515,0.0013437271118164062,0.65838623046875,0.9992086365527939,0.01025390625,1.4002898931503296,1.1057765483856201,1.2260222434997559,0.98333740234375,0.79071044921875,0.1760847419500351,0.002666473388671875,0.5478515625,0.9987784120021388,0.01336669921875,1.3895667791366577,1.053672432899475,1.1920166015625,0.98382568359375,0.76654052734375,0.16689807176589966,2.09808349609375e-05,0.967041015625,0.999638861103449,0.0061779022216796875,1.4110130071640015,1.1824992895126343,1.2632224559783936,0.996826171875,0.59307861328125,0.1109183058142662,0.0851836920353847,0.0011568069458007812,25
78,0.18642045243084432,0.480653617143631,1.1023134483098984,0.49435484409332275,0.9201463460922241,1.1064951419830322,0.0013866424560546875,0.667724609375,0.9992239092534874,0.01031494140625,1.398615837097168,1.1026253700256348,1.222562551498413,0.9835205078125,0.79241943359375,0.17415152490139008,0.002727508544921875,0.54669189453125,0.998810286342632,0.013538360595703125,1.3891819715499878,1.0515224933624268,1.191070556640625,0.984130859375,0.76654052734375,0.16395600140094757,4.57763671875e-05,0.962890625,0.9996375321643427,0.00628662109375,1.408049464225769,1.1726586818695068,1.2563838958740234,0.99639892578125,0.5928955078125,0.11277008801698685,0.0848074406376618,0.0011568069458007812,26
79,0.18609487759321927,0.48068791103363034,1.1029179892539978,0.4960040748119354,0.9214166402816772,1.106526494026184,0.0015192031860351562,0.67559814453125,0.9991740172845311,0.0103759765625,1.3974395990371704,1.1000940799713135,1.2222833633422852,0.983154296875,0.7921142578125,0.1776815503835678,0.0030117034912109375,0.5435791015625,0.9987100283033215,0.01342010498046875,1.3859565258026123,1.0451915264129639,1.1869534254074097,0.98382568359375,0.7689208984375,0.16833017766475677,2.6702880859375e-05,0.96490478515625,0.9996380062657408,0.0064029693603515625,1.408922553062439,1.18009614944458,1.2604678869247437,0.99609375,0.5872802734375,0.11238960176706314,0.08442732636200569,0.0011568069458007812,27
80,0.1854875047877431,0.47979209434986114,1.1025304924249648,0.499845951795578,0.9203721284866333,1.122705340385437,0.0013017654418945312,0.6781005859375,0.9991590712743346,0.01068115234375,1.3970214128494263,1.1088213920593262,1.2252447605133057,0.98297119140625,0.7935791015625,0.17508573830127716,0.002582550048828125,0.56158447265625,0.9987288836273365,0.013139724731445312,1.3869417905807495,1.0577399730682373,1.1932955980300903,0.983642578125,0.77203369140625,0.16567786037921906,2.09808349609375e-05,0.96875,0.9995892589213327,0.0068359375,1.4071009159088135,1.1803779602050781,1.259536623954773,0.995849609375,0.593994140625,0.11308114975690842,0.08404339145361683,0.0011568069458007812,28
81,0.18634627582132815,0.48120588991045954,1.103061090707779,0.49278703331947327,0.911630392074585,1.109921932220459,0.0012693405151367188,0.6666259765625,0.9992382321797777,0.010498046875,1.3987356424331665,1.1015409231185913,1.2234046459197998,0.98291015625,0.7879638671875,0.17317284643650055,0.002506256103515625,0.5462646484375,0.9988189314608462,0.013490676879882812,1.3880209922790527,1.0487332344055176,1.1890180110931396,0.98388671875,0.7642822265625,0.16397283971309662,3.24249267578125e-05,0.96307373046875,0.9996575328987092,0.006103515625,1.4094504117965698,1.179927110671997,1.2614953517913818,0.9970703125,0.5787353515625,0.10891305655241013,0.0836556785823138,0.0011568069458007812,29
82,0.1847257724031806,0.47942109405994415,1.1030419582128526,0.4964062571525574,0.9291309714317322,1.1179417371749878,0.0013933181762695312,0.6802978515625,0.9992708763456903,0.01031494140625,1.40296471118927,1.1114754676818848,1.230798363685608,0.98333740234375,0.78009033203125,0.17133624851703644,0.0027484893798828125,0.5535888671875,0.9988394825486466,0.013578414916992188,1.3918277025222778,1.0591888427734375,1.1970901489257812,0.98394775390625,0.75823974609375,0.16235829889774323,3.814697265625e-05,0.96234130859375,0.999702270142734,0.006103515625,1.4141018390655518,1.1867250204086304,1.2680798768997192,0.99688720703125,0.57257080078125,0.10838276147842407,0.08326423083779098,0.0011568069458007812,30
83,0.18504035867750646,0.47992775607109067,1.1032249163389205,0.500241756439209,0.9250759482383728,1.1292212009429932,0.0012912750244140625,0.6815185546875,0.9992116948997136,0.010860443115234375,1.402054786682129,1.1141352653503418,1.232284426689148,0.98321533203125,0.77825927734375,0.1728876680135727,0.0025539398193359375,0.53533935546875,0.9987845905707218,0.01409912109375,1.3926112651824951,1.0625576972961426,1.2000441551208496,0.9840087890625,0.75689697265625,0.16362588107585907,2.86102294921875e-05,0.96722412109375,0.9996387992287055,0.00628662109375,1.4114983081817627,1.1874377727508545,1.2667346000671387,0.99627685546875,0.5802001953125,0.1109490618109703,0.08286909172482967,0.0011568069458007812,31
84,0.18510909785330296,0.4802301214337349,1.103537025809288,0.4919431805610657,0.9196504354476929,1.113558053970337,0.0013914108276367188,0.68560791015625,0.9992710116202943,0.01049041748046875,1.399483323097229,1.1052441596984863,1.2257438898086548,0.9840087890625,0.785400390625,0.17146457731723785,0.002765655517578125,0.537353515625,0.9988473848206922,0.013353347778320312,1.388623833656311,1.0514159202575684,1.192071795463562,0.98468017578125,0.76220703125,0.16224315762519836,1.71661376953125e-05,0.9671630859375,0.9996946384198964,0.00592041015625,1.4103424549102783,1.1800707578659058,1.2614134550094604,0.996826171875,0.5750732421875,0.10901898145675659,0.08247030515846313,0.0011568069458007812,32
85,0.18389755214750766,0.47876656517386434,1.1033315014839173,0.4980984926223755,0.9195248484611511,1.1162511110305786,0.00144195556640625,0.658447265625,0.9992558922967874,0.01068115234375,1.4010581970214844,1.1038497686386108,1.2270156145095825,0.98284912109375,0.79034423828125,0.17601118981838226,0.00284576416015625,0.54510498046875,0.9988264021230862,0.01403045654296875,1.3903615474700928,1.05062997341156,1.1940293312072754,0.98394775390625,0.76361083984375,0.16561882197856903,3.814697265625e-05,0.96380615234375,0.9996853824704885,0.0062427520751953125,1.4117549657821655,1.1790062189102173,1.262251853942871,0.99603271484375,0.592041015625,0.11311513185501099,0.08206791545909577,0.0011568069458007812,33
86,0.18412719997018576,0.4797460038661957,1.1040798318386078,0.4982551634311676,0.9293414950370789,1.123635172843933,0.0013990402221679688,0.67669677734375,0.9991557815519627,0.0108642578125,1.4027763605117798,1.1109130382537842,1.2305978536605835,0.9820556640625,0.78265380859375,0.17347538471221924,0.0027790069580078125,0.525390625,0.9986863862723112,0.014272689819335938,1.3892247676849365,1.0578234195709229,1.1951138973236084,0.98248291015625,0.76177978515625,0.16539596021175385,1.9073486328125e-05,0.9681396484375,0.9996251768316142,0.0061283111572265625,1.4163278341293335,1.1913630962371826,1.2710710763931274,0.996826171875,0.56414794921875,0.10890813916921616,0.08166196734757768,0.0011568069458007812,34
87,0.18429683077335357,0.479734975874424,1.1038170385360717,0.4929368495941162,0.9130410552024841,1.1164116859436035,0.0013074874877929688,0.65679931640625,0.9991503306664526,0.010623931884765625,1.4002426862716675,1.1059987545013428,1.2260034084320068,0.98291015625,0.782958984375,0.17161239683628082,0.0025844573974609375,0.53704833984375,0.9987134441616945,0.01371002197265625,1.3881909847259521,1.0525332689285278,1.1932470798492432,0.983642578125,0.758056640625,0.16213707625865936,3.0517578125e-05,0.963623046875,0.9995872171712108,0.00634765625,1.4122947454452515,1.1802749633789062,1.2634609937667847,0.9962158203125,0.5828857421875,0.10881293565034866,0.08125250594023423,0.0011568069458007812,35
88,0.18307637502253055,0.47901399111747744,1.1046202886104584,0.49989086389541626,0.9357532858848572,1.1350464820861816,0.0015478134155273438,0.68182373046875,0.99915467138635,0.011331558227539062,1.4006887674331665,1.1101783514022827,1.2293508052825928,0.98211669921875,0.78302001953125,0.17524957656860352,0.0030460357666015625,0.53607177734375,0.9987051943899132,0.01470947265625,1.3914666175842285,1.0577921867370605,1.1982121467590332,0.9830322265625,0.75732421875,0.16498053073883057,4.9591064453125e-05,0.95672607421875,0.9996041483827867,0.00753021240234375,1.409911036491394,1.178290843963623,1.2621960639953613,0.99603271484375,0.59161376953125,0.11473866552114487,0.08083957674385206,0.0011568069458007812,36
89,0.1820751060768962,0.4778244551718235,1.1043158881664277,0.5008286237716675,0.9355888962745667,1.133576512336731,0.0015630722045898438,0.66387939453125,0.9990959060669411,0.011137008666992188,1.4027020931243896,1.1151553392410278,1.232713222503662,0.982421875,0.77923583984375,0.17364589869976044,0.003082275390625,0.53887939453125,0.9986274542752653,0.01422119140625,1.3908814191818237,1.060685634613037,1.1999725103378296,0.98309326171875,0.756591796875,0.16435423493385315,4.38690185546875e-05,0.96221923828125,0.9995643578586169,0.0064697265625,1.4145228862762451,1.1885032653808594,1.2683017253875732,0.99627685546875,0.5792236328125,0.11198166012763977,0.08042322565062147,0.0011568069458007812,37
90,0.1838260649442673,0.4790237057507038,1.1037818351984023,0.49367591738700867,0.9164502024650574,1.128400206565857,0.0013895034790039062,0.64764404296875,0.9990087549085729,0.011506080627441406,1.4008724689483643,1.1037325859069824,1.225837230682373,0.98297119140625,0.78619384765625,0.1734071522951126,0.002742767333984375,0.521728515625,0.9985040167230181,0.01495361328125,1.3871480226516724,1.0492409467697144,1.1908162832260132,0.98345947265625,0.761962890625,0.16437335312366486,3.62396240234375e-05,0.96209716796875,0.9995134930941276,0.00738525390625,1.4145971536636353,1.1826719045639038,1.2655541896820068,0.9962158203125,0.57574462890625,0.10866072028875351,0.08000349893303613,0.0011568069458007812,38
91,0.18285884192585944,0.47869242575764653,1.1046674365997315,0.49851709604263306,0.9201908111572266,1.1296716928482056,0.0013980865478515625,0.67620849609375,0.9991000444570091,0.011255264282226562,1.3997197151184082,1.106048583984375,1.2282553911209106,0.98297119140625,0.78497314453125,0.1753823310136795,0.0027637481689453125,0.53668212890625,0.9986142815323547,0.0150146484375,1.3875943422317505,1.0502771139144897,1.192017912864685,0.9833984375,0.76312255859375,0.16699790954589844,3.24249267578125e-05,0.96771240234375,0.9995858073816635,0.00628662109375,1.4118452072143555,1.1893171072006226,1.2684260606765747,0.99639892578125,0.57281494140625,0.10879579186439514,0.0795804432387503,0.0011568069458007812,39
92,0.18157845398783684,0.47728520452976225,1.1046124897003173,0.4932526648044586,0.9124327898025513,1.1000548601150513,0.0015020370483398438,0.673828125,0.9992128508165479,0.010268211364746094,1.3986722230911255,1.0965759754180908,1.2232822179794312,0.98260498046875,0.79278564453125,0.17654526233673096,0.0029773712158203125,0.51708984375,0.9987438831012696,0.013916015625,1.3839764595031738,1.039442539215088,1.1849524974822998,0.9832763671875,0.7694091796875,0.16829055547714233,2.6702880859375e-05,0.965087890625,0.9996818185318261,0.005390167236328125,1.4133679866790771,1.186423420906067,1.2684504985809326,0.99713134765625,0.573974609375,0.10501276701688766,0.07915410558539464,0.0011568069458007812,40
93,0.18199491067230703,0.478305035173893,1.1049635660648347,0.5025779008865356,0.9379869699478149,1.1428948640823364,0.0016536712646484375,0.65576171875,0.9988309498876333,0.012066841125488281,1.4026837348937988,1.1076322793960571,1.2288442850112915,0.9798583984375,0.787109375,0.17927414178848267,0.0032558441162109375,0.51849365234375,0.9983200537972152,0.015625,1.3928145170211792,1.0530682802200317,1.1964328289031982,0.98040771484375,0.76123046875,0.169270858168602,5.14984130859375e-05,0.9591064453125,0.9993418459780514,0.0076904296875,1.4125525951385498,1.181330919265747,1.2629574537277222,0.99493408203125,0.5902099609375,0.11654359102249146,0.07872453335535068,0.0011568069458007812,41
94,0.181215358376503,0.4771859769821167,1.1047718559503554,0.4980093240737915,0.9277268648147583,1.120508074760437,0.0013856887817382812,0.6787109375,0.9991693073825445,0.0106201171875,1.4018704891204834,1.1113033294677734,1.2307177782058716,0.98345947265625,0.7803955078125,0.17303085327148438,0.002750396728515625,0.5250244140625,0.9987223080825061,0.0137939453125,1.3906303644180298,1.0579382181167603,1.1964738368988037,0.98394775390625,0.76019287109375,0.16443516314029694,2.09808349609375e-05,0.96356201171875,0.999616306682583,0.0059814453125,1.4131108522415161,1.1896559000015259,1.2685108184814453,0.9964599609375,0.5732421875,0.10962596535682678,0.07829177429048484,0.0011568069458007812,42
95,0.18249625392258167,0.47831522923707964,1.104762619495392,0.5016314387321472,0.9353270530700684,1.1382745504379272,0.0016832351684570312,0.64678955078125,0.9990220837644301,0.012064933776855469,1.4018635749816895,1.1088993549346924,1.2292919158935547,0.9820556640625,0.7861328125,0.17662280797958374,0.00331878662109375,0.5167236328125,0.9985197825008072,0.01531982421875,1.3905084133148193,1.0539708137512207,1.1966667175292969,0.982666015625,0.76373291015625,0.1672055870294571,4.76837158203125e-05,0.9619140625,0.9995243850280531,0.0072994232177734375,1.41321861743927,1.1843451261520386,1.2655119895935059,0.99615478515625,0.583251953125,0.11412888020277023,0.0778558764868425,0.0011568069458007812,43
96,0.18217222732305527,0.47877649155259133,1.105322189927101,0.4937204122543335,0.9254871606826782,1.1141057014465332,0.0015916824340820312,0.66241455078125,0.9992117719375528,0.0106201171875,1.3984872102737427,1.1022814512252808,1.226486086845398,0.98345947265625,0.78570556640625,0.17390084266662598,0.00313568115234375,0.55694580078125,0.9987483057775535,0.01371002197265625,1.386053204536438,1.0461069345474243,1.1910675764083862,0.9840087890625,0.7625732421875,0.1647084653377533,4.76837158203125e-05,0.95916748046875,0.9996752380975522,0.0059814453125,1.410921335220337,1.1845383644104004,1.2660576105117798,0.9967041015625,0.5738525390625,0.10778293758630753,0.07741688838930269,0.0011568069458007812,44
97,0.17966936372965575,0.4761752731204033,1.1054697167873382,0.4950433671474457,0.912969708442688,1.1098923683166504,0.0012760162353515625,0.66021728515625,0.9992760083114263,0.010058403015136719,1.4006344079971313,1.1092979907989502,1.2293014526367188,0.98516845703125,0.779052734375,0.17138290405273438,0.0025177001953125,0.54229736328125,0.9988636755733751,0.0130615234375,1.3892903327941895,1.0568970441818237,1.1951428651809692,0.98565673828125,0.75677490234375,0.16247667372226715,3.4332275390625e-05,0.966796875,0.9996883410494775,0.00583648681640625,1.4119787216186523,1.1865695714950562,1.2660382986068726,0.99725341796875,0.57208251953125,0.10722696781158447,0.07697485878619398,0.0011568069458007812,45
98,0.18046927964687348,0.4777748413383961,1.1062696313858031,0.4986167550086975,0.9229736924171448,1.1117466688156128,0.0013666152954101562,0.69793701171875,0.999193435854977,0.010009765625,1.4003641605377197,1.1116411685943604,1.2298693656921387,0.9835205078125,0.77423095703125,0.17410068213939667,0.00270843505859375,0.53955078125,0.9987809850717895,0.01312255859375,1.390248417854309,1.0588886737823486,1.196903109550476,0.9840087890625,0.751708984375,0.1650083214044571,2.47955322265625e-05,0.967529296875,0.9996058866381645,0.00604248046875,1.4104797840118408,1.1861159801483154,1.265367865562439,0.99658203125,0.57794189453125,0.11046580225229263,0.07652983680387232,0.0011568069458007812,46
99,0.1806875192075968,0.4778031755983829,1.1059823933839799,0.5006149411201477,0.9227771162986755,1.1103183031082153,0.0014066696166992188,0.65777587890625,0.9992476729967166,0.010098457336425781,1.4020452499389648,1.1090009212493896,1.2304589748382568,0.9833984375,0.78656005859375,0.17496515810489655,0.0027923583984375,0.51519775390625,0.9987994448747486,0.013666152954101562,1.3892061710357666,1.0547921657562256,1.194612979888916,0.9837646484375,0.76397705078125,0.16659393906593323,2.09808349609375e-05,0.9677734375,0.9996959011186846,0.00531005859375,1.4148846864700317,1.1909306049346924,1.2712411880493164,0.9967041015625,0.5765380859375,0.1080167293548584,0.07608187190126112,0.0011568069458007812,47
100,0.18020900321006775,0.47788262632489203,1.1067128419876098,0.494375079870224,0.9208122491836548,1.1113016605377197,0.0014333724975585938,0.66790771484375,0.9991884334885981,0.010284423828125,1.3979384899139404,1.1071282625198364,1.2268013954162598,0.98297119140625,0.78277587890625,0.1731458455324173,0.0028285980224609375,0.53656005859375,0.9987459940603003,0.01373291015625,1.3864001035690308,1.0525975227355957,1.192879557609558,0.983642578125,0.76055908203125,0.1642402857542038,3.814697265625e-05,0.96527099609375,0.9996308729168959,0.006103515625,1.4094771146774292,1.1842010021209717,1.2628573179244995,0.996337890625,0.57769775390625,0.10939744114875793,0.07563101386435458,0.0011568069458007812,48
101,0.18009425236284732,0.4773959001600742,1.106274897813797,0.49282118678092957,0.9200104475021362,1.112736701965332,0.0013885498046875,0.66595458984375,0.9991986913664732,0.010372161865234375,1.4009538888931274,1.1079610586166382,1.2304022312164307,0.98419189453125,0.781982421875,0.16893477737903595,0.00275421142578125,0.5341796875,0.9987501665018499,0.013917922973632812,1.390414834022522,1.0544559955596924,1.1956487894058228,0.98480224609375,0.7613525390625,0.16012753546237946,2.288818359375e-05,0.96771240234375,0.9996472162310965,0.00634765625,1.411492943763733,1.1889145374298096,1.2674397230148315,0.9970703125,0.56500244140625,0.10609278082847595,0.07517731280068449,0.0011568069458007812,49
102,0.178935236915946,0.4761869986355305,1.10636248254776,0.49404650926589966,0.9186843037605286,1.1051063537597656,0.0014362335205078125,0.66162109375,0.9992968842561822,0.010009765625,1.401750922203064,1.1052800416946411,1.2286267280578613,0.98406982421875,0.78204345703125,0.17265887558460236,0.002841949462890625,0.5361328125,0.9988597361370921,0.01366424560546875,1.3884682655334473,1.049917221069336,1.1932029724121094,0.9847412109375,0.75933837890625,0.16378244757652283,3.0517578125e-05,0.96392822265625,0.9997340323752724,0.00592041015625,1.4150334596633911,1.186539649963379,1.2672961950302124,0.99700927734375,0.5697021484375,0.10739299654960632,0.07472081913375136,0.0011568069458007812,50
103,0.1788624202609062,0.4760511153936386,1.1063314813375473,0.4937635064125061,0.9178731441497803,1.1194134950637817,0.0013322830200195312,0.67108154296875,0.9991908616793808,0.010921478271484375,1.3996161222457886,1.1057932376861572,1.2262223958969116,0.98321533203125,0.7880859375,0.17246003448963165,0.00263214111328125,0.5538330078125,0.9987426701118238,0.013916015625,1.388459324836731,1.0536203384399414,1.192610502243042,0.983642578125,0.76300048828125,0.1633840799331665,3.24249267578125e-05,0.96142578125,0.9996390532469377,0.0067138671875,1.4107729196548462,1.181571364402771,1.2635130882263184,0.9969482421875,0.5799560546875,0.1082393005490303,0.07426158359742058,0.0011568069458007812,51
104,0.17963182723522186,0.4773461051881313,1.1069036575555802,0.49709978699684143,0.923244297504425,1.1163948774337769,0.00145721435546875,0.65997314453125,0.9992104732373264,0.010585784912109375,1.3995003700256348,1.107988953590393,1.2281928062438965,0.9830322265625,0.78436279296875,0.17408698797225952,0.0028839111328125,0.52581787109375,0.9987565696355887,0.013925552368164062,1.3877264261245728,1.0531469583511353,1.194648027420044,0.9835205078125,0.7611083984375,0.1649484783411026,3.0517578125e-05,0.9658203125,0.9996643768390641,0.00628662109375,1.4112744331359863,1.1831138134002686,1.2648429870605469,0.99627685546875,0.58111572265625,0.11037761718034744,0.07379965723028376,0.0011568069458007812,52
105,0.1781457204967737,0.47568285617232325,1.1066236637830735,0.4992977976799011,0.9202886819839478,1.1233359575271606,0.00136566162109375,0.669677734375,0.9991872853133827,0.010947227478027344,1.4005131721496582,1.1089973449707031,1.2282127141952515,0.982421875,0.7894287109375,0.1744212657213211,0.002704620361328125,0.5281982421875,0.9987221371848136,0.014223098754882812,1.3880112171173096,1.0542887449264526,1.1942211389541626,0.9830322265625,0.76617431640625,0.16527675092220306,2.6702880859375e-05,0.96697998046875,0.9996524334419519,0.006591796875,1.4130152463912964,1.1860955953598022,1.2666301727294922,0.996337890625,0.57794189453125,0.11060523241758347,0.07333509136998655,0.0011568069458007812,53
106,0.17754541378468275,0.4749009526968002,1.106677487373352,0.5034552216529846,0.930509090423584,1.1391246318817139,0.0014324188232421875,0.65985107421875,0.9990376912173815,0.011728286743164062,1.3981823921203613,1.1111340522766113,1.230239748954773,0.98175048828125,0.7908935546875,0.1766117364168167,0.0028400421142578125,0.55560302734375,0.9985732463537715,0.0146484375,1.3889491558074951,1.05879545211792,1.1998710632324219,0.982421875,0.76513671875,0.16605322062969208,2.47955322265625e-05,0.961669921875,0.9995021360809915,0.0078125,1.4074153900146484,1.1813457012176514,1.2613210678100586,0.99554443359375,0.594970703125,0.11734507232904434,0.07286793764752296,0.0011568069458007812,54
107,0.17750423775613308,0.474966484695673,1.1067429513931275,0.4963216483592987,0.9191722869873047,1.1272319555282593,0.0013074874877929688,0.64495849609375,0.9991784849844407,0.01080322265625,1.402823805809021,1.1150997877120972,1.2337839603424072,0.983154296875,0.772216796875,0.1697462648153305,0.00258636474609375,0.53045654296875,0.9987336196936667,0.013921737670898438,1.3904285430908203,1.060624361038208,1.2003251314163208,0.98345947265625,0.7513427734375,0.16121384501457214,2.86102294921875e-05,0.967529296875,0.9996233502752148,0.00592041015625,1.4152188301086426,1.1927255392074585,1.2704291343688965,0.9967041015625,0.56170654296875,0.10712773352861404,0.07239824798149729,0.0011568069458007812,55
108,0.1778233730942011,0.47627437248826027,1.1077429280281066,0.4981251657009125,0.93278968334198,1.1402891874313354,0.0016241073608398438,0.64752197265625,0.9990291450521909,0.0123291015625,1.399018406867981,1.1028974056243896,1.2247298955917358,0.981201171875,0.79345703125,0.17638646066188812,0.00319671630859375,0.51824951171875,0.9985470835817978,0.01531982421875,1.3900032043457031,1.0489835739135742,1.193663477897644,0.982177734375,0.76666259765625,0.16536815464496613,5.14984130859375e-05,0.95770263671875,0.999511206522584,0.007839202880859375,1.4080332517623901,1.1741235256195068,1.256120204925537,0.99444580078125,0.59124755859375,0.11640218645334244,0.07192607457235388,0.0011568069458007812,56
109,0.1784546718671918,0.476118820130825,1.1068181198835374,0.49144601821899414,0.9103243947029114,1.112301230430603,0.0013742446899414062,0.64569091796875,0.9993092002987396,0.010396003723144531,1.4012084007263184,1.1058297157287598,1.2298357486724854,0.98486328125,0.7816162109375,0.1698320358991623,0.0027256011962890625,0.5367431640625,0.9988802524167113,0.013916015625,1.389795184135437,1.0489708185195923,1.1938626766204834,0.9852294921875,0.7606201171875,0.16112475097179413,2.288818359375e-05,0.9676513671875,0.9997381481807679,0.0054931640625,1.4126214981079102,1.1887184381484985,1.2675880193710327,0.9974365234375,0.5653076171875,0.10536738485097885,0.07145146989657575,0.0011568069458007812,57
110,0.17759221771359443,0.47569666588306425,1.1074814710617065,0.49247056245803833,0.9189733862876892,1.1086937189102173,0.0014524459838867188,0.659912109375,0.9992674733221065,0.010119438171386719,1.400158166885376,1.1070590019226074,1.2297899723052979,0.98297119140625,0.7772216796875,0.1706974059343338,0.00287628173828125,0.517822265625,0.998823186091613,0.013753890991210938,1.3879783153533936,1.0497243404388428,1.1950385570526123,0.983642578125,0.75518798828125,0.1618240475654602,2.86102294921875e-05,0.966064453125,0.9997117605526,0.00579833984375,1.412338137626648,1.1878639459609985,1.2675808668136597,0.9969482421875,0.5631103515625,0.10677894204854965,0.0709744867008524,0.0011568069458007812,58
111,0.176078205563128,0.4745353600978851,1.1079969103336333,0.49750587344169617,0.9092304706573486,1.107903003692627,0.0011730194091796875,0.67926025390625,0.9992336188151967,0.009769439697265625,1.4006750583648682,1.1122210025787354,1.2309399843215942,0.9842529296875,0.7791748046875,0.17154325544834137,0.0023212432861328125,0.53961181640625,0.9988287811283953,0.013086318969726562,1.390426754951477,1.0594561100006104,1.1985567808151245,0.9852294921875,0.7569580078125,0.16216114163398743,2.47955322265625e-05,0.968994140625,0.999638456501998,0.0059814453125,1.4109234809875488,1.1850358247756958,1.2647933959960938,0.9957275390625,0.58099365234375,0.10957950353622437,0.07049517799621763,0.0011568069458007812,59
112,0.17664735739678145,0.47515875098109245,1.1078931527137756,0.4899836480617523,0.9064024686813354,1.0992095470428467,0.0012006759643554688,0.67254638671875,0.9992980461101979,0.00958251953125,1.4012812376022339,1.107741117477417,1.2287774085998535,0.98406982421875,0.77508544921875,0.16872775554656982,0.00238037109375,0.54119873046875,0.9988769698538817,0.01275634765625,1.3880159854888916,1.052351713180542,1.1921416521072388,0.984375,0.75238037109375,0.16089071333408356,2.09808349609375e-05,0.96697998046875,0.9997191223665141,0.00531005859375,1.4145464897155762,1.1912826299667358,1.2699742317199707,0.9971923828125,0.55853271484375,0.10135134309530258,0.07001359705215808,0.0011568069458007812,60
113,0.17779240341484548,0.4754390048086643,1.1069954357147216,0.487802654504776,0.9165775179862976,1.1106839179992676,0.00165557861328125,0.6473388671875,0.9991847133205738,0.01104736328125,1.399609923362732,1.0953011512756348,1.2225385904312134,0.98309326171875,0.78594970703125,0.17290236055850983,0.0032501220703125,0.5048828125,0.9987098522833548,0.0145263671875,1.3871921300888062,1.0393016338348389,1.1862090826034546,0.98388671875,0.76141357421875,0.16362369060516357,6.103515625e-05,0.95794677734375,0.9996595743577927,0.0062255859375,1.4120275974273682,1.176360011100769,1.262338638305664,0.99658203125,0.57208251953125,0.1060587465763092,0.06952979739069282,0.0011568069458007812,61
114,0.17569520790874957,0.474924568772316,1.1088114691972732,0.4992864727973938,0.9255375266075134,1.136851191520691,0.001483917236328125,0.65753173828125,0.9990271726273932,0.011474609375,1.4017025232315063,1.113304853439331,1.2337907552719116,0.98199462890625,0.7802734375,0.1726592630147934,0.0029506683349609375,0.54132080078125,0.9985291907796636,0.01434326171875,1.3899104595184326,1.0560470819473267,1.199478268623352,0.98260498046875,0.758056640625,0.1642892062664032,1.71661376953125e-05,0.968017578125,0.9995251544751227,0.00677490234375,1.413494348526001,1.1950021982192993,1.271363615989685,0.9957275390625,0.5677490234375,0.10839154571294785,0.06904383278042513,0.0011568069458007812,62
115,0.17598317742347716,0.4749898868501186,1.1086349999904632,0.49587586522102356,0.9201926589012146,1.1227118968963623,0.0013885498046875,0.6588134765625,0.9991567379620392,0.01043701171875,1.402890920639038,1.1121413707733154,1.2340266704559326,0.98297119140625,0.77764892578125,0.16967029869556427,0.0027637481689453125,0.5469970703125,0.9986967692384496,0.01422119140625,1.392198085784912,1.054459571838379,1.199613094329834,0.984130859375,0.756591796875,0.16098733246326447,1.33514404296875e-05,0.96820068359375,0.9996167066856287,0.00628662109375,1.4135836362838745,1.19235360622406,1.2697651386260986,0.99615478515625,0.5626220703125,0.1063341274857521,0.06855575723056671,0.0011568069458007812,63
116,0.17395682387799025,0.47297108444571495,1.1087027370929718,0.49243611097335815,0.9070910811424255,1.1045814752578735,0.0011968612670898438,0.674560546875,0.9993032606726047,0.00933837890625,1.4012967348098755,1.1146107912063599,1.2329319715499878,0.98486328125,0.77386474609375,0.16614283621311188,0.0023784637451171875,0.5418701171875,0.9989115520147607,0.0126190185546875,1.39048433303833,1.0589327812194824,1.198217749595642,0.98529052734375,0.7530517578125,0.15822339057922363,1.52587890625e-05,0.97174072265625,0.9996949693304487,0.0051517486572265625,1.412109136581421,1.193956732749939,1.2706971168518066,0.99725341796875,0.55865478515625,0.10199225693941116,0.06806562498493521,0.0011568069458007812,64
117,0.1757421454489231,0.47485554456710816,1.1087830274105073,0.49930065870285034,0.9262118339538574,1.1245107650756836,0.0013952255249023438,0.6617431640625,0.9991728636668995,0.010725021362304688,1.4008331298828125,1.1143394708633423,1.2330777645111084,0.9835205078125,0.77801513671875,0.17143194377422333,0.002765655517578125,0.5399169921875,0.9987224810756743,0.013914108276367188,1.3909945487976074,1.060082197189331,1.199160099029541,0.98406982421875,0.75762939453125,0.16265304386615753,2.47955322265625e-05,0.9664306640625,0.9996232462581247,0.00616455078125,1.4106717109680176,1.1918400526046753,1.2690643072128296,0.99627685546875,0.57281494140625,0.10944494605064392,0.06757349051592561,0.0011568069458007812,65
118,0.17592635626345873,0.47463042294979096,1.1083030966520309,0.49613702297210693,0.917438268661499,1.1090117692947388,0.0013113021850585938,0.68389892578125,0.999255736998748,0.010181427001953125,1.3991793394088745,1.1070806980133057,1.2285377979278564,0.984130859375,0.78936767578125,0.17214234173297882,0.002593994140625,0.5213623046875,0.9988413799437694,0.01361083984375,1.3890445232391357,1.0545809268951416,1.194833517074585,0.9849853515625,0.7659912109375,0.16314077377319336,2.86102294921875e-05,0.9659423828125,0.9996700940537266,0.006103515625,1.4093142747879028,1.1846553087234497,1.2647931575775146,0.99639892578125,0.58282470703125,0.10765879601240158,0.06707940851845634,0.0011568069458007812,66
119,0.17548982839286328,0.474515718370676,1.1087182490825653,0.49594080448150635,0.918962299823761,1.1268819570541382,0.001415252685546875,0.653564453125,0.9992106832505669,0.010986328125,1.400498628616333,1.1082438230514526,1.2307831048965454,0.98272705078125,0.78424072265625,0.17161990702152252,0.0027942657470703125,0.52557373046875,0.9987602965557016,0.01422119140625,1.39071524143219,1.0544425249099731,1.1982238292694092,0.98370361328125,0.7584228515625,0.1619977355003357,3.62396240234375e-05,0.96258544921875,0.9996610699454322,0.0068359375,1.4102818965911865,1.1834660768508911,1.264492154121399,0.9959716796875,0.58001708984375,0.10891593247652054,0.06658343390389057,0.0011568069458007812,67
120,0.17501111249625684,0.47424337795376775,1.1088521082401275,0.49732503294944763,0.923490583896637,1.122851014137268,0.0014257431030273438,0.65966796875,0.9991944027424324,0.0103759765625,1.4008395671844482,1.1101200580596924,1.2322694063186646,0.98358154296875,0.78057861328125,0.17174851894378662,0.0028324127197265625,0.533203125,0.9987299110507593,0.01416015625,1.3891942501068115,1.0541925430297852,1.1943295001983643,0.98431396484375,0.76123046875,0.1642429381608963,1.9073486328125e-05,0.97100830078125,0.9996588944341056,0.0057373046875,1.4124845266342163,1.1984797716140747,1.2732535600662231,0.996826171875,0.55810546875,0.10480624437332153,0.06608562179393342,0.0011568069458007812,68
121,0.1745412803888321,0.47388883897662165,1.109090383529663,0.4963757395744324,0.9350775480270386,1.1454371213912964,0.0016965866088867188,0.6416015625,0.99899693968473,0.01226806640625,1.398855209350586,1.1038105487823486,1.2288777828216553,0.981201171875,0.78289794921875,0.17492370307445526,0.00335693359375,0.52386474609375,0.9984564961050637,0.016149520874023438,1.389367699623108,1.0453670024871826,1.1928483247756958,0.9820556640625,0.7611083984375,0.16630132496356964,3.62396240234375e-05,0.96478271484375,0.9995373832643963,0.00750732421875,1.4083423614501953,1.1884835958480835,1.2657095193862915,0.9957275390625,0.5679931640625,0.11027362197637558,0.0655860275145059,0.0011568069458007812,69
122,0.17407289220392705,0.47390762028098105,1.1095744569301604,0.4947372078895569,0.9205832481384277,1.1235742568969727,0.00140380859375,0.65435791015625,0.9991797264665365,0.01104736328125,1.400240421295166,1.1074888706207275,1.229810357093811,0.98388671875,0.7847900390625,0.17150704562664032,0.002788543701171875,0.53582763671875,0.9987112949602306,0.0143890380859375,1.3880771398544312,1.0516425371170044,1.1938451528549194,0.984619140625,0.762451171875,0.16322852671146393,1.9073486328125e-05,0.9674072265625,0.9996481579728425,0.0060291290283203125,1.4124038219451904,1.1902477741241455,1.2687973976135254,0.99658203125,0.56475830078125,0.10635403543710709,0.06508470658959603,0.0011568069458007812,70
123,0.17453102608025073,0.47397335585951805,1.1090939465761185,0.4999546408653259,0.9408396482467651,1.1533290147781372,0.0016021728515625,0.65765380859375,0.9988614328613039,0.01226806640625,1.4026596546173096,1.116310477256775,1.2366986274719238,0.98175048828125,0.77215576171875,0.17111770808696747,0.0031604766845703125,0.52642822265625,0.998341448197607,0.015625,1.3927769660949707,1.0598618984222412,1.203797698020935,0.9825439453125,0.75079345703125,0.16230958700180054,4.38690185546875e-05,0.96258544921875,0.9993814175250009,0.00775146484375,1.4125425815582275,1.1937271356582642,1.2707021236419678,0.99542236328125,0.56378173828125,0.10998142510652542,0.064581714735088,0.0011568069458007812,71
124,0.17446270490437746,0.47404957485198973,1.109313320994377,0.4986867308616638,0.9311661720275879,1.1293987035751343,0.001567840576171875,0.65576171875,0.9991423592728097,0.0111083984375,1.4002535343170166,1.1098217964172363,1.2319509983062744,0.982177734375,0.78497314453125,0.1727215200662613,0.003093719482421875,0.512451171875,0.9986904207034968,0.0142822265625,1.390771508216858,1.0546131134033203,1.2000131607055664,0.98297119140625,0.76068115234375,0.1624898463487625,4.1961669921875e-05,0.96234130859375,0.9995942978421226,0.0068359375,1.4097354412078857,1.1832714080810547,1.2642433643341064,0.99554443359375,0.5821533203125,0.11201225966215134,0.06407710785257009,0.0011568069458007812,72
125,0.17469416879862548,0.47403408232331273,1.109177076458931,0.49004483222961426,0.9184436798095703,1.1105350255966187,0.0014963150024414062,0.65087890625,0.9992864123778418,0.010498046875,1.397696852684021,1.101668119430542,1.225263237953186,0.98388671875,0.7841796875,0.17127813398838043,0.002960205078125,0.52490234375,0.998849484953098,0.0140380859375,1.3870782852172852,1.0469892024993896,1.191265344619751,0.98455810546875,0.76141357421875,0.16194571554660797,3.24249267578125e-05,0.96710205078125,0.9997233398025855,0.006103515625,1.408315658569336,1.1786279678344727,1.2603310346603394,0.99652099609375,0.57293701171875,0.10794015973806381,0.06357094202312177,0.0011568069458007812,73
126,0.17319244656711816,0.4727409420311451,1.1095000357627869,0.49845147132873535,0.9140694737434387,1.1108564138412476,0.0013103485107421875,0.65032958984375,0.999278014031006,0.010378837585449219,1.3971924781799316,1.1056946516036987,1.2277737855911255,0.98370361328125,0.7884521484375,0.17466139793395996,0.0025997161865234375,0.53436279296875,0.9988390565849841,0.013729095458984375,1.385869026184082,1.0506945848464966,1.1910086870193481,0.9840087890625,0.76849365234375,0.16659729182720184,2.09808349609375e-05,0.96923828125,0.999716971477028,0.0052490234375,1.4085160493850708,1.190195083618164,1.2675693035125732,0.9971923828125,0.57891845703125,0.10803082585334778,0.06306327350108105,0.0011568069458007812,74
127,0.17366413744539022,0.4734256571829319,1.1095795546770095,0.4956812560558319,0.9180169105529785,1.1252626180648804,0.0014476776123046875,0.66229248046875,0.9991937734594103,0.01104736328125,1.3999462127685547,1.108141303062439,1.2307831048965454,0.98297119140625,0.78912353515625,0.1715184897184372,0.002834320068359375,0.535888671875,0.9987250451231375,0.01425933837890625,1.3888354301452637,1.0527660846710205,1.1959888935089111,0.98345947265625,0.76422119140625,0.1626327782869339,6.103515625e-05,0.9578857421875,0.9996625017956831,0.00665283203125,1.4110568761825562,1.188368320465088,1.2684277296066284,0.99664306640625,0.57281494140625,0.10655928403139114,0.0625541587077924,0.0011568069458007812,75
128,0.1724004686847329,0.47198415181040765,1.1096362910270692,0.49026259779930115,0.921196460723877,1.1207863092422485,0.0016193389892578125,0.64013671875,0.9992213949153665,0.0113525390625,1.3999371528625488,1.1014583110809326,1.2282285690307617,0.98248291015625,0.7869873046875,0.1714334487915039,0.003200531005859375,0.5064697265625,0.9987428569584154,0.0147705078125,1.389971375465393,1.0439574718475342,1.1934630870819092,0.98345947265625,0.7628173828125,0.1621420532464981,3.814697265625e-05,0.964599609375,0.9996999328723177,0.00640869140625,1.4099030494689941,1.1812982559204102,1.2647039890289307,0.99603271484375,0.56695556640625,0.10653456300497055,0.06204365422533621,0.0011568069458007812,76
129,0.17187588956952096,0.47185526677966116,1.1099911091327668,0.494326651096344,0.9144325852394104,1.1085169315338135,0.0013790130615234375,0.66845703125,0.99926563698682,0.010061264038085938,1.400249719619751,1.1078038215637207,1.2305526733398438,0.9840087890625,0.7794189453125,0.17103712260723114,0.0027408599853515625,0.5333251953125,0.9988392267841846,0.013671875,1.3898653984069824,1.052811622619629,1.1951247453689575,0.98431396484375,0.756591796875,0.16242356598377228,1.71661376953125e-05,0.96722412109375,0.9996920471894555,0.0054931640625,1.4106342792510986,1.188956618309021,1.267350673675537,0.99725341796875,0.570556640625,0.10606376081705093,0.06153181679024037,0.0011568069458007812,77
130,0.17209289129823446,0.4723430553674698,1.1103143976926804,0.4980565309524536,0.9294757843017578,1.1281901597976685,0.0015020370483398438,0.65667724609375,0.9992211496864911,0.010986328125,1.4033247232437134,1.1134198904037476,1.2355612516403198,0.98309326171875,0.77484130859375,0.17084567248821259,0.0029621124267578125,0.50347900390625,0.9987770820735022,0.014558792114257812,1.3936119079589844,1.0596568584442139,1.2036398649215698,0.9835205078125,0.7498779296875,0.16129359602928162,4.1961669921875e-05,0.96356201171875,0.99966521729948,0.00640106201171875,1.413037657737732,1.1878658533096313,1.2680925130844116,0.99658203125,0.5697021484375,0.11082328110933304,0.061018703287174646,0.0011568069458007812,78
131,0.17154935514181852,0.47172110199928285,1.1102797671556472,0.4952164888381958,0.9198353290557861,1.1214632987976074,0.0013475418090820312,0.6632080078125,0.9992369702085853,0.01055908203125,1.4011194705963135,1.1132886409759521,1.2331076860427856,0.9832763671875,0.7760009765625,0.169094979763031,0.002666473388671875,0.53631591796875,0.9987984172184952,0.01361083984375,1.390284776687622,1.0592700242996216,1.1991022825241089,0.98394775390625,0.75286865234375,0.16071994602680206,2.86102294921875e-05,0.96551513671875,0.9996755231986754,0.00592041015625,1.4119541645050049,1.19156813621521,1.2703098058700562,0.99664306640625,0.56365966796875,0.10576298832893372,0.060504370742628696,0.0011568069458007812,79
132,0.1719211439266801,0.472185434281826,1.1103026242256164,0.4925953447818756,0.9092802405357361,1.1078486442565918,0.0012722015380859375,0.648193359375,0.9992360178148374,0.009804725646972656,1.402388095855713,1.1125214099884033,1.2345293760299683,0.98309326171875,0.76910400390625,0.16759167611598969,0.0025348663330078125,0.53265380859375,0.9987976148840971,0.013376235961914062,1.3910773992538452,1.0551934242248535,1.1980745792388916,0.98321533203125,0.74761962890625,0.16010034084320068,9.5367431640625e-06,0.97021484375,0.9996744207455777,0.00531005859375,1.4136990308761597,1.1979478597640991,1.2747999429702759,0.99749755859375,0.55389404296875,0.10206194967031479,0.059988876318574184,0.0011568069458007812,80
133,0.17243474121391772,0.47247878316044806,1.109945717215538,0.498638778924942,0.9236172437667847,1.1248217821121216,0.0014638900756835938,0.66015625,0.9991751677880529,0.01055908203125,1.4002947807312012,1.1126205921173096,1.2334694862365723,0.983642578125,0.78094482421875,0.1727556735277176,0.002887725830078125,0.5230712890625,0.9987216557492502,0.014085769653320312,1.3896631002426147,1.0566763877868652,1.2000646591186523,0.98394775390625,0.7562255859375,0.163754403591156,4.00543212890625e-05,0.96380615234375,0.9996286798268557,0.00628662109375,1.4109266996383667,1.1890634298324585,1.2685476541519165,0.9970703125,0.57342529296875,0.1099328026175499,0.0594722773061119,0.0011568069458007812,81
134,0.17139731956273319,0.4716023556292057,1.1102675975561143,0.5030292868614197,0.9298842549324036,1.1328325271606445,0.001468658447265625,0.6707763671875,0.9991539306065533,0.0111083984375,1.401427984237671,1.1152654886245728,1.2350786924362183,0.98260498046875,0.7806396484375,0.17387335002422333,0.0028972625732421875,0.54736328125,0.9987018500687554,0.014291763305664062,1.3918203115463257,1.060404658317566,1.2025237083435059,0.9830322265625,0.75732421875,0.165054589509964,4.00543212890625e-05,0.9638671875,0.9996060111443512,0.00634765625,1.4110357761383057,1.1901628971099854,1.2691158056259155,0.9967041015625,0.57879638671875,0.11133307218551636,0.058954631119104595,0.0011568069458007812,82
135,0.17148841818422078,0.47224131789803503,1.1108328655958175,0.4985623359680176,0.9273645877838135,1.1231000423431396,0.0014066696166992188,0.65277099609375,0.9992222408473026,0.010293006896972656,1.4021021127700806,1.1187782287597656,1.2369135618209839,0.9837646484375,0.77581787109375,0.1677258461713791,0.002796173095703125,0.51629638671875,0.9987830613390543,0.0134735107421875,1.393139123916626,1.0639472007751465,1.2045204639434814,0.98468017578125,0.7537841796875,0.1589720994234085,1.71661376953125e-05,0.97161865234375,0.999661420355551,0.00579833984375,1.4110649824142456,1.1934690475463867,1.2705978155136108,0.99664306640625,0.5716552734375,0.1069311574101448,0.058435995287796014,0.0011568069458007812,83
136,0.1718073022440076,0.4723144564330578,1.1106714518070222,0.49188515543937683,0.9183264970779419,1.1192189455032349,0.0014514923095703125,0.65777587890625,0.9992025351966731,0.010986328125,1.4012469053268433,1.1066153049468994,1.2304381132125854,0.98358154296875,0.7784423828125,0.16962075233459473,0.002849578857421875,0.52703857421875,0.9987708197440952,0.01421356201171875,1.391776204109192,1.0516812801361084,1.1986663341522217,0.984375,0.75238037109375,0.1595480889081955,5.340576171875e-05,0.95953369140625,0.999634250649251,0.00634765625,1.4107176065444946,1.1800016164779663,1.263007640838623,0.99627685546875,0.577392578125,0.10825037211179733,0.0579164274524172,0.0011568069458007812,84
137,0.17226049975305796,0.4729352098405361,1.1107486902475356,0.492082417011261,0.9087363481521606,1.1059166193008423,0.0012025833129882812,0.6673583984375,0.9993083645240404,0.009737968444824219,1.4015851020812988,1.110590934753418,1.232082724571228,0.984375,0.77447509765625,0.16821016371250153,0.00238037109375,0.5338134765625,0.9988674671621993,0.01312255859375,1.387372374534607,1.0544757843017578,1.1943936347961426,0.98468017578125,0.75421142578125,0.16110660135746002,2.47955322265625e-05,0.97198486328125,0.9997492618858814,0.005283355712890625,1.4157980680465698,1.1983444690704346,1.275115966796875,0.997314453125,0.55010986328125,0.1002441868185997,0.0573959853567804,0.0011568069458007812,85
138,0.16983064059913158,0.47033697652816775,1.110930928826332,0.4961192309856415,0.9162469506263733,1.1311492919921875,0.0013484954833984375,0.6658935546875,0.9992088274739217,0.01116943359375,1.401090383529663,1.1101341247558594,1.231341004371643,0.9818115234375,0.77703857421875,0.17133291065692902,0.0026683807373046875,0.53857421875,0.9987650342518464,0.01416015625,1.3918386697769165,1.0554113388061523,1.1976186037063599,0.98248291015625,0.755126953125,0.16251583397388458,2.86102294921875e-05,0.967041015625,0.999652620695997,0.00616455078125,1.4103424549102783,1.1874364614486694,1.266573190689087,0.9967041015625,0.574951171875,0.10853645950555801,0.05687472684186152,0.0011568069458007812,86
139,0.1710777121335268,0.47159408766031263,1.1106945394277572,0.4956650733947754,0.9302538633346558,1.1261749267578125,0.0016813278198242188,0.6439208984375,0.999148759234231,0.011056900024414062,1.4014828205108643,1.1083049774169922,1.2335426807403564,0.9830322265625,0.7752685546875,0.17099475860595703,0.0033245086669921875,0.521728515625,0.9986737514846027,0.01458740234375,1.3905165195465088,1.051085114479065,1.198832392692566,0.9837646484375,0.75238037109375,0.16197046637535095,3.814697265625e-05,0.96185302734375,0.9996237669838592,0.00634765625,1.412448763847351,1.1891857385635376,1.2700661420822144,0.9967041015625,0.5654296875,0.10718247294425964,0.0563527098393718,0.0011568069458007812,87
140,0.16915652199089526,0.4700091706514358,1.1113603291511536,0.4914914071559906,0.9220386743545532,1.1265019178390503,0.0015583038330078125,0.6446533203125,0.9991704602725804,0.011429786682128906,1.3993819952011108,1.1037310361862183,1.227898359298706,0.9837646484375,0.7806396484375,0.17123818397521973,0.0030765533447265625,0.50152587890625,0.9987070828792639,0.0147705078125,1.3891507387161255,1.0488698482513428,1.1946524381637573,0.98455810546875,0.755859375,0.16176822781562805,4.00543212890625e-05,0.959228515625,0.9996338376658969,0.0067234039306640625,1.4096133708953857,1.1800044775009155,1.2632849216461182,0.996337890625,0.57611083984375,0.10847524553537369,0.05582999236531942,0.0011568069458007812,88
141,0.16913578116893768,0.46976248699426654,1.1111550283432008,0.4954140782356262,0.9073707461357117,1.1074912548065186,0.0012617111206054688,0.6715087890625,0.9992760432360228,0.00982666015625,1.4020203351974487,1.1121456623077393,1.2350596189498901,0.9847412109375,0.77490234375,0.16896529495716095,0.002513885498046875,0.52685546875,0.9988436444546096,0.012998580932617188,1.3901920318603516,1.0555177927017212,1.1980277299880981,0.9852294921875,0.7537841796875,0.16128762066364288,9.5367431640625e-06,0.973876953125,0.999708442017436,0.0052490234375,1.413848638534546,1.1993119716644287,1.2759102582931519,0.9970703125,0.55731201171875,0.10217822343111038,0.05530663251356164,0.0011568069458007812,89
142,0.16915923764556645,0.47001075130701064,1.1113802102804184,0.500613272190094,0.9347132444381714,1.1276174783706665,0.001522064208984375,0.66180419921875,0.9990862675476819,0.01068115234375,1.403039813041687,1.1159443855285645,1.2362394332885742,0.981689453125,0.77862548828125,0.17151756584644318,0.003002166748046875,0.50421142578125,0.9986291284440085,0.013956069946289062,1.393520712852478,1.062432885169983,1.204506754875183,0.9822998046875,0.7554931640625,0.1623358279466629,4.1961669921875e-05,0.96160888671875,0.9995434066513553,0.006591796875,1.412558913230896,1.1903432607650757,1.2703901529312134,0.99639892578125,0.576416015625,0.10964209586381912,0.054782688449348416,0.0011568069458007812,90
143,0.16905824499577285,0.47049766954779626,1.1120452822446822,0.49539893865585327,0.9106085896492004,1.1164623498916626,0.0012454986572265625,0.65789794921875,0.9992593945935369,0.010142326354980469,1.4032989740371704,1.1144471168518066,1.2357585430145264,0.984619140625,0.77447509765625,0.16724039614200592,0.0024700164794921875,0.52410888671875,0.9988517405581661,0.013019561767578125,1.3929293155670166,1.0599578619003296,1.202353596687317,0.98504638671875,0.7493896484375,0.15841758251190186,2.09808349609375e-05,0.96875,0.9996670486289077,0.00560760498046875,1.4136686325073242,1.192315697669983,1.2711492776870728,0.997314453125,0.57122802734375,0.10447323322296143,0.054258218402858015,0.0011568069458007812,91
144,0.16939866681396962,0.4704102493524551,1.111569213628769,0.49375009536743164,0.9145046472549438,1.1199755668640137,0.0012998580932617188,0.658203125,0.9992145507712848,0.0103759765625,1.4018322229385376,1.1124811172485352,1.2336902618408203,0.9842529296875,0.779541015625,0.1673450917005539,0.0025882720947265625,0.51287841796875,0.9987818856025115,0.0137939453125,1.3924857378005981,1.0578221082687378,1.2005045413970947,0.9849853515625,0.755126953125,0.15836142003536224,1.1444091796875e-05,0.967529296875,0.9996472159400582,0.0062255859375,1.411178708076477,1.188310980796814,1.2683285474777222,0.99639892578125,0.56842041015625,0.10570868104696274,0.05373328066272539,0.0011568069458007812,92
145,0.16928959683328867,0.47105980548262594,1.1121815127134322,0.49878811836242676,0.9236223697662354,1.1215181350708008,0.0013303756713867188,0.67767333984375,0.9992236988036893,0.01019287109375,1.4036898612976074,1.119796872138977,1.2387580871582031,0.985107421875,0.77410888671875,0.16743306815624237,0.0026226043701171875,0.52813720703125,0.998824487789534,0.013568878173828125,1.3955782651901245,1.0665216445922852,1.2094931602478027,0.9859619140625,0.7454833984375,0.15721388161182404,3.814697265625e-05,0.9632568359375,0.9996229098178446,0.00640869140625,1.4118010997772217,1.1887673139572144,1.26836097240448,0.99652099609375,0.5767822265625,0.10925746709108353,0.05320793356956408,0.0011568069458007812,93
146,0.16935508348047734,0.47075248244404794,1.1118543926477433,0.49386683106422424,0.9071570038795471,1.1034386157989502,0.0012102127075195312,0.669189453125,0.999240130011458,0.009683609008789062,1.4003140926361084,1.1117465496063232,1.2332165241241455,0.984619140625,0.77410888671875,0.16784358024597168,0.002399444580078125,0.532958984375,0.9988231011084281,0.012939453125,1.3901114463806152,1.0564767122268677,1.1981611251831055,0.98516845703125,0.751953125,0.1595999300479889,2.09808349609375e-05,0.97113037109375,0.9996571589144878,0.005550384521484375,1.4105165004730225,1.1949225664138794,1.2708230018615723,0.99639892578125,0.56280517578125,0.10334578901529312,0.052682235509482415,0.0011568069458007812,94
147,0.16831647245585918,0.46949292182922364,1.1118702157735825,0.4923202395439148,0.9136717319488525,1.118956208229065,0.001369476318359375,0.66558837890625,0.9992462045629509,0.010530471801757812,1.4010223150253296,1.1104068756103516,1.2332733869552612,0.9842529296875,0.776611328125,0.1677922159433365,0.0027256011962890625,0.5384521484375,0.9987961232545786,0.013996124267578125,1.3904951810836792,1.0536595582962036,1.1984004974365234,0.98480224609375,0.75396728515625,0.15957987308502197,1.33514404296875e-05,0.96783447265625,0.9996962858713232,0.006103515625,1.411549687385559,1.1918171644210815,1.2699555158615112,0.9967041015625,0.56182861328125,0.10351121425628662,0.05215624490759449,0.0011568069458007812,95
148,0.1686657298654318,0.4702914410829544,1.1122919517755507,0.49682101607322693,0.9166387915611267,1.1259465217590332,0.0013189315795898438,0.67120361328125,0.9991264122654684,0.010636329650878906,1.4018168449401855,1.1149483919143677,1.2359466552734375,0.98321533203125,0.774169921875,0.1683628112077713,0.00262451171875,0.52459716796875,0.9986773817217909,0.0140380859375,1.3919143676757812,1.0589045286178589,1.2032135725021362,0.984375,0.75140380859375,0.15938422083854675,1.33514404296875e-05,0.96759033203125,0.9995754428091459,0.00616455078125,1.411719560623169,1.1916989088058472,1.2708266973495483,0.9959716796875,0.5712890625,0.10666046291589737,0.05163002022152701,0.0011568069458007812,96
149,0.16749397729337215,0.4690688807964325,1.1123227344751359,0.49906080961227417,0.9223837852478027,1.1152418851852417,0.001373291015625,0.64691162109375,0.9992386425146833,0.010021209716796875,1.4031587839126587,1.1149516105651855,1.2350561618804932,0.98516845703125,0.77899169921875,0.1707923263311386,0.002727508544921875,0.51123046875,0.9988077825400978,0.013690948486328125,1.3926267623901367,1.0600236654281616,1.2009724378585815,0.9859619140625,0.75665283203125,0.1623782068490982,1.9073486328125e-05,0.96795654296875,0.9996695024892688,0.005615234375,1.4136910438537598,1.1938234567642212,1.2714110612869263,0.99676513671875,0.572998046875,0.10685204714536667,0.05110361993492233,0.0011568069458007812,97
150,0.1679925458803773,0.4696514474451542,1.1123460819721223,0.4966285228729248,0.9250034689903259,1.125360131263733,0.0014142990112304688,0.64068603515625,0.9991448152286466,0.010553359985351562,1.400590181350708,1.1138852834701538,1.2333753108978271,0.984130859375,0.7747802734375,0.1690511852502823,0.0027980804443359375,0.51470947265625,0.998702620039694,0.013916015625,1.3906234502792358,1.0593599081039429,1.2012169361114502,0.98492431640625,0.75115966796875,0.15993361175060272,3.0517578125e-05,0.966552734375,0.9995870104175992,0.00653076171875,1.4105569124221802,1.1884962320327759,1.2677680253982544,0.99615478515625,0.573974609375,0.10826376080513,0.050577102550938724,0.0011568069458007812,98
151,0.1687574597224593,0.47019590938091277,1.1121617522239684,0.4945179522037506,0.9236962795257568,1.1200631856918335,0.0014829635620117188,0.6588134765625,0.9991374079545494,0.010626792907714844,1.401853084564209,1.1104639768600464,1.2320280075073242,0.9825439453125,0.77984619140625,0.16947723925113678,0.00292205810546875,0.5244140625,0.9986850903951563,0.01416015625,1.3921852111816406,1.0558658838272095,1.1995877027511597,0.98358154296875,0.75518798828125,0.1601846069097519,4.38690185546875e-05,0.9613037109375,0.9995897255139425,0.0067138671875,1.4115209579467773,1.1843632459640503,1.266709804534912,0.99609375,0.571533203125,0.10662852972745895,0.05005052658574848,0.0011568069458007812,99
152,0.16781683058291674,0.47010166522860525,1.1129346531629563,0.5005789399147034,0.9390400052070618,1.139473557472229,0.001598358154296875,0.66864013671875,0.999000562063884,0.011460304260253906,1.402284860610962,1.115161657333374,1.2364909648895264,0.9813232421875,0.7757568359375,0.1721571683883667,0.0031414031982421875,0.50994873046875,0.9985175360925496,0.01458740234375,1.3928391933441162,1.0622540712356567,1.204769492149353,0.98236083984375,0.75079345703125,0.16256721317768097,5.53131103515625e-05,0.95672607421875,0.9994835880352184,0.0072021484375,1.4117305278778076,1.1899203062057495,1.269718050956726,0.99560546875,0.57452392578125,0.11203300952911377,0.04952395056203445,0.0011568069458007812,100
153,0.16606055744737386,0.4680209437608719,1.112932163834572,0.49989861249923706,0.9288548827171326,1.1326419115066528,0.0014715194702148438,0.66595458984375,0.9991991864226293,0.01092529296875,1.4016046524047852,1.114677906036377,1.235372543334961,0.98297119140625,0.779296875,0.17225609719753265,0.0029087066650390625,0.533203125,0.9987377391662449,0.01456451416015625,1.392291784286499,1.0579899549484253,1.202242374420166,0.9833984375,0.75726318359375,0.16350282728672028,3.4332275390625e-05,0.96527099609375,0.9996606336790137,0.00627899169921875,1.4109172821044922,1.1916841268539429,1.2703999280929565,0.99664306640625,0.5755615234375,0.10863079875707626,0.048997433002486046,0.0011568069458007812,101
154,0.1674174245297909,0.46991855892539025,1.1132517170906067,0.4953478276729584,0.9216465353965759,1.1245921850204468,0.0014162063598632812,0.6588134765625,0.9992040697834454,0.010580062866210938,1.4011002779006958,1.1147303581237793,1.2347116470336914,0.98370361328125,0.77362060546875,0.16825084388256073,0.0028133392333984375,0.53704833984375,0.9987904499867,0.013916015625,1.3931148052215576,1.0602411031723022,1.204417109489441,0.98480224609375,0.74658203125,0.15857930481433868,1.9073486328125e-05,0.96429443359375,0.9996176895801909,0.00601959228515625,1.4090858697891235,1.185821771621704,1.2654612064361572,0.996337890625,0.57537841796875,0.10837986320257187,0.04847103242329503,0.0011568069458007812,102
155,0.16733879170566798,0.46905883559584616,1.1124089428186417,0.49700793623924255,0.9331457018852234,1.1366932392120361,0.0016355514526367188,0.65972900390625,0.9991397461562883,0.011320114135742188,1.40254807472229,1.1137948036193848,1.2361377477645874,0.982177734375,0.77557373046875,0.17065298557281494,0.0032367706298828125,0.54949951171875,0.9986410952406004,0.014925003051757812,1.391695261001587,1.0552102327346802,1.2016894817352295,0.98284912109375,0.75225830078125,0.16216988861560822,3.4332275390625e-05,0.96258544921875,0.9996383970719762,0.00677490234375,1.4134005308151245,1.1937555074691772,1.2721703052520752,0.99609375,0.56109619140625,0.10743683576583862,0.04794480732765222,0.0011568069458007812,103
156,0.16572784718871117,0.4677392073571682,1.1130232232809067,0.49605369567871094,0.9154778718948364,1.1238433122634888,0.0014438629150390625,0.6546630859375,0.999183627194725,0.01080322265625,1.3992531299591064,1.1082926988601685,1.230860948562622,0.98333740234375,0.78192138671875,0.171156644821167,0.0028514862060546875,0.52703857421875,0.9987336933845654,0.0142822265625,1.389164686203003,1.0506031513214111,1.1974976062774658,0.98443603515625,0.7579345703125,0.16191260516643524,3.62396240234375e-05,0.96441650390625,0.9996335610048845,0.006427764892578125,1.40934157371521,1.1861072778701782,1.26590895652771,0.9964599609375,0.57806396484375,0.10817757993936539,0.04741881619924548,0.0011568069458007812,104
157,0.1655664701089263,0.46792169204354284,1.1133568629026414,0.4983256459236145,0.934697687625885,1.1303573846817017,0.0016565322875976562,0.65191650390625,0.9991900238674134,0.011332511901855469,1.4012333154678345,1.1110082864761353,1.2329246997833252,0.98284912109375,0.77984619140625,0.17274950444698334,0.00328826904296875,0.543212890625,0.998730983119458,0.0146484375,1.391695261001587,1.0550122261047363,1.2003695964813232,0.98358154296875,0.75439453125,0.16302163898944855,2.47955322265625e-05,0.963134765625,0.9996490646153688,0.00628662109375,1.4107717275619507,1.1853348016738892,1.266105055809021,0.9967041015625,0.57879638671875,0.1112343892455101,0.046893117495760014,0.0011568069458007812,105
158,0.16718252782523632,0.46968329620361327,1.1136327191591262,0.49607837200164795,0.9194440841674805,1.1190738677978516,0.0013532638549804688,0.66754150390625,0.9992031539150048,0.010386466979980469,1.4020744562149048,1.1111913919448853,1.2338460683822632,0.983154296875,0.77886962890625,0.17040155827999115,0.0026760101318359375,0.5306396484375,0.9987699193879962,0.013868331909179688,1.3919728994369507,1.0556994676589966,1.200284481048584,0.983642578125,0.75360107421875,0.16133305430412292,3.0517578125e-05,0.96343994140625,0.9996363884420134,0.005859375,1.4121761322021484,1.1890361309051514,1.2688884735107422,0.996826171875,0.57147216796875,0.10670564323663712,0.04636776964238145,0.0011568069458007812,106
159,0.16658431193977594,0.4692221398949623,1.1136646562814712,0.4961806833744049,0.9034906029701233,1.1077083349227905,0.001247406005859375,0.67291259765625,0.9991668204020243,0.010090827941894531,1.3984214067459106,1.1060305833816528,1.229478120803833,0.983154296875,0.785400390625,0.1716596931219101,0.002475738525390625,0.52801513671875,0.9987210335675627,0.013917922973632812,1.3866395950317383,1.0502628087997437,1.1916136741638184,0.9837646484375,0.7626953125,0.16370458900928497,1.9073486328125e-05,0.97113037109375,0.9996126072364859,0.00543212890625,1.410203218460083,1.1937189102172852,1.2713388204574585,0.99688720703125,0.57122802734375,0.10236168652772903,0.045842831025302566,0.0011568069458007812,107
160,0.16618869640678166,0.4692395924925804,1.11409426176548,0.4952601194381714,0.9227970242500305,1.1265898942947388,0.0014276504516601562,0.6563720703125,0.9992275213589892,0.01080322265625,1.4007619619369507,1.1133496761322021,1.2330899238586426,0.9837646484375,0.775634765625,0.16914373636245728,0.002826690673828125,0.52984619140625,0.998795899155084,0.0140380859375,1.3916103839874268,1.060006856918335,1.2018519639968872,0.98443603515625,0.749267578125,0.1595861166715622,2.86102294921875e-05,0.96453857421875,0.9996591435628943,0.00665283203125,1.409913420677185,1.185649037361145,1.2654129266738892,0.99664306640625,0.578125,0.1087314561009407,0.045318359985234424,0.0011568069458007812,108
161,0.16542964697629214,0.4684875874221325,1.114137428164482,0.494804710149765,0.917815625667572,1.1164318323135376,0.0015211105346679688,0.64666748046875,0.9991611716104671,0.01080322265625,1.3996354341506958,1.1055809259414673,1.2306216955184937,0.982666015625,0.7838134765625,0.17196683585643768,0.00301361083984375,0.5078125,0.9986739676096477,0.01458740234375,1.3878555297851562,1.0466309785842896,1.193717122077942,0.98291015625,0.76019287109375,0.1638334095478058,2.86102294921875e-05,0.96728515625,0.9996483756112866,0.00579833984375,1.4114151000976562,1.1924970149993896,1.2703216075897217,0.997314453125,0.56927490234375,0.10440298914909363,0.04479441481092237,0.0011568069458007812,109
162,0.16515462382882834,0.4681567741334438,1.1142606885433197,0.49581432342529297,0.9169968962669373,1.1197350025177002,0.0013322830200195312,0.67303466796875,0.9992597001546528,0.010250091552734375,1.4006375074386597,1.114525318145752,1.2344341278076172,0.9837646484375,0.7769775390625,0.1684628129005432,0.0026454925537109375,0.52691650390625,0.998842257889919,0.01373291015625,1.3917454481124878,1.0603411197662354,1.202631950378418,0.984130859375,0.751708984375,0.15935589373111725,1.9073486328125e-05,0.96905517578125,0.9996771424193867,0.00592041015625,1.409529685974121,1.1886988878250122,1.2674676179885864,0.9969482421875,0.5765380859375,0.10676451772451401,0.04427105373266804,0.0011568069458007812,110
163,0.16503068540245294,0.4683659853041172,1.1145636430978776,0.5001640915870667,0.925507128238678,1.1310923099517822,0.0014715194702148438,0.6513671875,0.9991621621884406,0.010700225830078125,1.4017186164855957,1.114546298980713,1.2355239391326904,0.98406982421875,0.77911376953125,0.17137618362903595,0.0029144287109375,0.5155029296875,0.998690357839223,0.014345169067382812,1.391327977180481,1.0576562881469727,1.201098084449768,0.98455810546875,0.7567138671875,0.16286920011043549,2.86102294921875e-05,0.9666748046875,0.9996339665376581,0.006206512451171875,1.4121092557907104,1.194484829902649,1.27189302444458,0.99652099609375,0.57354736328125,0.10830715298652649,0.0437483349158577,0.0011568069458007812,111
164,0.16469545729458332,0.46802083826065066,1.1146676803827287,0.489895224571228,0.9215429425239563,1.1121573448181152,0.0015859603881835938,0.646728515625,0.9992069035652094,0.01031494140625,1.4001375436782837,1.1068499088287354,1.231245756149292,0.98388671875,0.7718505859375,0.16874442994594574,0.0031337738037109375,0.51324462890625,0.9987483585719019,0.013811111450195312,1.3883905410766602,1.0488749742507935,1.1946529150009155,0.98443603515625,0.74725341796875,0.16087208688259125,3.814697265625e-05,0.96380615234375,0.9996654485585168,0.00537109375,1.4118846654891968,1.1916556358337402,1.270311951637268,0.997314453125,0.5560302734375,0.10291633754968643,0.043226316454497864,0.0011568069458007812,112
165,0.16426955496519804,0.4676710072159767,1.1147059309482574,0.4917174279689789,0.9133493304252625,1.1055644750595093,0.0014181137084960938,0.67388916015625,0.9992698305286467,0.009765625,1.3988155126571655,1.1099162101745605,1.2323763370513916,0.98345947265625,0.77520751953125,0.16811013221740723,0.0028095245361328125,0.54742431640625,0.9988462996552698,0.013544082641601562,1.3886098861694336,1.052748680114746,1.1984597444534302,0.984130859375,0.750732421875,0.15926246345043182,2.6702880859375e-05,0.96392822265625,0.9996933614020236,0.0055103302001953125,1.409021019935608,1.1895626783370972,1.2674431800842285,0.99676513671875,0.56622314453125,0.1047295555472374,0.04270505636475881,0.0011568069458007812,113
166,0.16355939722806215,0.46704920822381973,1.114908892273903,0.4997028410434723,0.9284860491752625,1.1309970617294312,0.0014219284057617188,0.6632080078125,0.9990414869971573,0.01068115234375,1.4043065309524536,1.1201200485229492,1.239783763885498,0.98370361328125,0.77178955078125,0.16779613494873047,0.002811431884765625,0.5201416015625,0.9985935494187288,0.01416015625,1.3954296112060547,1.06413733959198,1.2082695960998535,0.98443603515625,0.749267578125,0.158512681722641,3.24249267578125e-05,0.96612548828125,0.9994894245755859,0.00634765625,1.4131834506988525,1.194715142250061,1.272666335105896,0.99566650390625,0.56622314453125,0.10849855095148087,0.04218461257852685,0.0011568069458007812,114
167,0.16320494667440652,0.4664743156135082,1.1148479355573655,0.49799180030822754,0.928115963935852,1.1329703330993652,0.001575469970703125,0.63458251953125,0.9991015570121817,0.01129150390625,1.4011125564575195,1.1110442876815796,1.2335017919540405,0.9820556640625,0.78009033203125,0.17191660404205322,0.003116607666015625,0.49493408203125,0.9986318899318576,0.01507568359375,1.391584873199463,1.053891658782959,1.2005974054336548,0.9830322265625,0.75482177734375,0.16248805820941925,3.4332275390625e-05,0.96514892578125,0.9995712240925059,0.00677490234375,1.4106398820877075,1.187194585800171,1.2670910358428955,0.9959716796875,0.5760498046875,0.1099456176161766,0.041665042936965734,0.0011568069458007812,115
168,0.16368539344519376,0.4674641203284264,1.115391044139862,0.501014769077301,0.9302249550819397,1.1329138278961182,0.0014324188232421875,0.6630859375,0.9990988323406782,0.01123046875,1.3989624977111816,1.117016077041626,1.2342023849487305,0.9842529296875,0.77923583984375,0.17079763114452362,0.00284576416015625,0.5045166015625,0.9986455448670313,0.01446533203125,1.3912694454193115,1.0636162757873535,1.2026667594909668,0.98486328125,0.7542724609375,0.16165228188037872,1.9073486328125e-05,0.9658203125,0.9995521198143251,0.0067138671875,1.4066555500030518,1.1895397901535034,1.2660765647888184,0.9962158203125,0.57965087890625,0.11103715747594833,0.04114640518408848,0.0011568069458007812,116
169,0.16389328264445066,0.4674181805253029,1.1151273362636567,0.4960726499557495,0.9261124730110168,1.1272447109222412,0.0015106201171875,0.6514892578125,0.9991838364803698,0.01085662841796875,1.4018937349319458,1.1131038665771484,1.2355178594589233,0.9830322265625,0.77325439453125,0.1700112372636795,0.0029850006103515625,0.4971923828125,0.9987293242011219,0.0142822265625,1.392548680305481,1.0581238269805908,1.2020841836929321,0.98358154296875,0.74871826171875,0.16104264557361603,3.62396240234375e-05,0.9625244140625,0.9996383487596177,0.0064697265625,1.4112390279769897,1.1888407468795776,1.269941806793213,0.99713134765625,0.57135009765625,0.10792552679777145,0.04062875696033965,0.0011568069458007812,117
170,0.16358751877397298,0.46754551169276237,1.1153789055347443,0.4975060522556305,0.9285903573036194,1.126631498336792,0.0015649795532226562,0.659912109375,0.9989959730592091,0.01068115234375,1.4032412767410278,1.1161863803863525,1.2382190227508545,0.9830322265625,0.76934814453125,0.1692858189344406,0.0031032562255859375,0.53460693359375,0.9985102369682863,0.01409912109375,1.3929188251495361,1.0591522455215454,1.2036052942276,0.9835205078125,0.74786376953125,0.16122733056545258,2.6702880859375e-05,0.96435546875,0.9994817091501318,0.00677490234375,1.41356360912323,1.1969679594039917,1.2751903533935547,0.996337890625,0.5592041015625,0.10542310029268265,0.04011215579618939,0.0011568069458007812,118
171,0.16293738075345754,0.46688870260119436,1.1153984866142272,0.496503621339798,0.9270421266555786,1.1225786209106445,0.0016069412231445312,0.63287353515625,0.9991609640419483,0.010838508605957031,1.3997113704681396,1.1070942878723145,1.2321734428405762,0.98406982421875,0.7821044921875,0.17203716933727264,0.0031757354736328125,0.49810791015625,0.9986736242426559,0.01458740234375,1.3879799842834473,1.0498398542404175,1.1960487365722656,0.98455810546875,0.75946044921875,0.16361239552497864,3.814697265625e-05,0.96429443359375,0.9996483038412407,0.0059814453125,1.4114428758621216,1.1910672187805176,1.2707525491714478,0.99700927734375,0.569091796875,0.10697466880083084,0.039596659105739555,0.0011568069458007812,119
172,0.162969041608274,0.4664175404012203,1.1150693238973617,0.4996870756149292,0.9291017651557922,1.1235930919647217,0.0013914108276367188,0.65081787109375,0.9991901160392445,0.01019287109375,1.4023970365524292,1.121187686920166,1.239579439163208,0.98284912109375,0.7674560546875,0.1681583970785141,0.0027618408203125,0.50079345703125,0.9987586849019863,0.013811111450195312,1.3941755294799805,1.064823865890503,1.208142638206482,0.9833984375,0.74603271484375,0.15911394357681274,2.09808349609375e-05,0.968994140625,0.9996215471765026,0.006122589111328125,1.4106181859970093,1.1940118074417114,1.2711734771728516,0.9967041015625,0.57293701171875,0.10836180299520493,0.03908232418034283,0.0011568069458007812,120
173,0.1625312154740095,0.46663559606671334,1.1157349981069564,0.4944058060646057,0.9123132228851318,1.1082192659378052,0.0012769699096679688,0.66363525390625,0.9992176117375493,0.010009765625,1.3982183933258057,1.10856032371521,1.2296160459518433,0.98309326171875,0.77935791015625,0.17139755189418793,0.00252532958984375,0.52520751953125,0.998797869659029,0.01319122314453125,1.387122392654419,1.0524297952651978,1.1936217546463013,0.9835205078125,0.75640869140625,0.16358481347560883,2.86102294921875e-05,0.96954345703125,0.9996373538160697,0.00494384765625,1.4093143939971924,1.1916202306747437,1.2690560817718506,0.99688720703125,0.57012939453125,0.1043621301651001,0.03856920818223552,0.0011568069458007812,121
174,0.16202183024585248,0.46614946565032006,1.1157642503976821,0.4980672299861908,0.9284467101097107,1.1234583854675293,0.0013914108276367188,0.64813232421875,0.9991690533061046,0.010305404663085938,1.4022929668426514,1.118434190750122,1.236314058303833,0.98358154296875,0.7750244140625,0.16829442977905273,0.0027618408203125,0.4931640625,0.9987364683765918,0.013523101806640625,1.3916888236999512,1.0646189451217651,1.2044105529785156,0.9842529296875,0.7498779296875,0.15932218730449677,2.09808349609375e-05,0.96685791015625,0.9996016382356174,0.00616455078125,1.4128973484039307,1.1910605430603027,1.2702059745788574,0.996337890625,0.57080078125,0.1068730279803276,0.038057368138184486,0.0011568069458007812,122
175,0.16210627713799478,0.4659515529274941,1.1156187107563018,0.49285227060317993,0.91867595911026,1.1143643856048584,0.001468658447265625,0.6475830078125,0.9991765981831122,0.01025390625,1.4002958536148071,1.1102519035339355,1.2331264019012451,0.98394775390625,0.7764892578125,0.16812556982040405,0.0029087066650390625,0.52447509765625,0.9987375091877766,0.01312255859375,1.389962911605835,1.0550755262374878,1.1993942260742188,0.98431396484375,0.7518310546875,0.15948037803173065,2.86102294921875e-05,0.96661376953125,0.9996156871784478,0.006103515625,1.4106286764144897,1.1895447969436646,1.2682220935821533,0.99700927734375,0.56658935546875,0.10524087399244308,0.03754686093314953,0.0011568069458007812,123
176,0.16157920037955045,0.4657177139520645,1.115932473540306,0.4980548620223999,0.9302377700805664,1.1379181146621704,0.0015735626220703125,0.6236572265625,0.9990912099019624,0.011236190795898438,1.4018158912658691,1.1157550811767578,1.2362306118011475,0.9825439453125,0.7763671875,0.16953144967556,0.0031108856201171875,0.49249267578125,0.9986145190778188,0.014404296875,1.3919867277145386,1.0595546960830688,1.2041373252868652,0.98321533203125,0.7532958984375,0.1602642983198166,3.62396240234375e-05,0.9627685546875,0.999567900726106,0.00714111328125,1.4116449356079102,1.1910942792892456,1.2693231105804443,0.9959716796875,0.5709228515625,0.10911702364683151,0.03703774330396109,0.0011568069458007812,124
177,0.1613500266969204,0.46526895675063135,1.1158216309547424,0.49990540742874146,0.9248108863830566,1.1241281032562256,0.0013103485107421875,0.64093017578125,0.9991697236546315,0.01019287109375,1.4025697708129883,1.1204469203948975,1.2394407987594604,0.9835205078125,0.7711181640625,0.1678624302148819,0.0025997161865234375,0.5174560546875,0.9987479894771241,0.0133056640625,1.3944408893585205,1.067554235458374,1.2079670429229736,0.98388671875,0.74798583984375,0.15895354747772217,2.09808349609375e-05,0.96661376953125,0.999591457832139,0.0060672760009765625,1.4106985330581665,1.1936655044555664,1.2714899778366089,0.99664306640625,0.57061767578125,0.10795212537050247,0.036530071833014766,0.0011568069458007812,125
178,0.16039490094780923,0.46497927901148794,1.1165009021759034,0.496346652507782,0.9173696637153625,1.1095510721206665,0.0014019012451171875,0.6556396484375,0.9992312772374135,0.009942054748535156,1.4005005359649658,1.113473653793335,1.234716773033142,0.98345947265625,0.775634765625,0.16961847245693207,0.002773284912109375,0.50604248046875,0.9988023023470305,0.01312255859375,1.3903594017028809,1.0567526817321777,1.1994028091430664,0.9840087890625,0.75439453125,0.1616198867559433,3.0517578125e-05,0.97119140625,0.9996602521277964,0.00531005859375,1.4106416702270508,1.1956232786178589,1.2715595960617065,0.9969482421875,0.56134033203125,0.10513567924499512,0.03602390294198273,0.0011568069458007812,126
179,0.16104484575986863,0.4654620224237442,1.1164019006490706,0.4954000413417816,0.9192899465560913,1.1293076276779175,0.0013675689697265625,0.65325927734375,0.9990639043971896,0.010986328125,1.401439905166626,1.1142215728759766,1.2359205484390259,0.982666015625,0.77142333984375,0.168840691447258,0.0027103424072265625,0.51397705078125,0.9985829331562854,0.014247894287109375,1.3906937837600708,1.0600175857543945,1.201183557510376,0.98309326171875,0.749267578125,0.16097363829612732,2.47955322265625e-05,0.9676513671875,0.9995448756380938,0.006591796875,1.4121859073638916,1.1958681344985962,1.2734228372573853,0.99627685546875,0.56201171875,0.10451388359069824,0.03551929288554325,0.0011568069458007812,127
180,0.16034506817162036,0.4650686842501163,1.116753201007843,0.49356091022491455,0.9145647883415222,1.1212036609649658,0.001377105712890625,0.63531494140625,0.9992050964501686,0.010474205017089844,1.4011132717132568,1.1134542226791382,1.2344640493392944,0.9835205078125,0.7757568359375,0.16775400936603546,0.00272369384765625,0.49505615234375,0.9987476459355094,0.014362335205078125,1.3905094861984253,1.0562976598739624,1.198913812637329,0.9844970703125,0.7548828125,0.15992458164691925,3.0517578125e-05,0.96759033203125,0.9996625469648279,0.0058689117431640625,1.4117166996002197,1.1955761909484863,1.272668480873108,0.99688720703125,0.55584716796875,0.10308276861906052,0.035016297745128544,0.0011568069458007812,128
181,0.16023302108794452,0.46499073058366774,1.1168078960180283,0.4953671395778656,0.9162254333496094,1.1160422563552856,0.0013599395751953125,0.65008544921875,0.9991807929764036,0.01031494140625,1.4012162685394287,1.1119754314422607,1.2348510026931763,0.9825439453125,0.7747802734375,0.16982698440551758,0.002696990966796875,0.5233154296875,0.9987467074533924,0.01373291015625,1.3910292387008667,1.057055950164795,1.200531244277954,0.983154296875,0.751708984375,0.161405548453331,2.288818359375e-05,0.9666748046875,0.9996148784994148,0.005615234375,1.411402940750122,1.1925615072250366,1.2706220149993896,0.9967041015625,0.56622314453125,0.10553246736526489,0.034514973422692094,0.0011568069458007812,129
182,0.16051296216249467,0.4650301437973976,1.1165451908111572,0.49436622858047485,0.916875958442688,1.1269522905349731,0.001384735107421875,0.659912109375,0.9991446873755194,0.01068115234375,1.4010456800460815,1.1136744022369385,1.2358322143554688,0.9820556640625,0.77532958984375,0.16762937605381012,0.002758026123046875,0.51202392578125,0.9986902899690904,0.01422119140625,1.3915386199951172,1.0565154552459717,1.2017322778701782,0.98284912109375,0.7508544921875,0.1592239886522293,1.1444091796875e-05,0.96661376953125,0.9995990847819485,0.00628662109375,1.410552740097046,1.1928789615631104,1.2706918716430664,0.99639892578125,0.56622314453125,0.10428578406572342,0.03401537563449566,0.0011568069458007812,130
183,0.15988273371756076,0.4645482839643955,1.1166385346651078,0.5010982155799866,0.9316757321357727,1.1425074338912964,0.00150299072265625,0.6407470703125,0.9990746156545356,0.011323928833007812,1.4026380777359009,1.116571068763733,1.2394052743911743,0.9808349609375,0.77313232421875,0.17107146978378296,0.0029811859130859375,0.5009765625,0.9985963035142049,0.014802932739257812,1.392922282218933,1.0611042976379395,1.2050553560256958,0.98138427734375,0.749267578125,0.1628388911485672,2.47955322265625e-05,0.96881103515625,0.9995529277948663,0.006519317626953125,1.412353754043579,1.1985982656478882,1.2750720977783203,0.99609375,0.56890869140625,0.10753777623176575,0.03351755990491726,0.0011568069458007812,131
184,0.15933162685483693,0.4640888818502426,1.1168370168209076,0.5016553997993469,0.9297733306884766,1.125968337059021,0.0014352798461914062,0.64569091796875,0.9991485342907254,0.010311126708984375,1.4045193195343018,1.1218317747116089,1.2411916255950928,0.98284912109375,0.77178955078125,0.1688915491104126,0.002838134765625,0.51092529296875,0.998708535102196,0.0137939453125,1.3946913480758667,1.0656509399414062,1.2084484100341797,0.98370361328125,0.75030517578125,0.16001546382904053,3.24249267578125e-05,0.96588134765625,0.9995885334792547,0.00586700439453125,1.4143471717834473,1.1979042291641235,1.27510404586792,0.99664306640625,0.567626953125,0.10810161381959915,0.03302158156028017,0.0011568069458007812,132
185,0.1594583276435733,0.4642507777512074,1.1169514949321746,0.4956892728805542,0.9089701771736145,1.0990601778030396,0.0011997222900390625,0.66748046875,0.9992844062217046,0.0093994140625,1.3998427391052246,1.1108953952789307,1.2336304187774658,0.98394775390625,0.77685546875,0.16994349658489227,0.0023708343505859375,0.51959228515625,0.9988816372933798,0.01287841796875,1.3891319036483765,1.0556647777557373,1.1974374055862427,0.98443603515625,0.75079345703125,0.16202141344547272,2.86102294921875e-05,0.96917724609375,0.9996871751500294,0.0048828125,1.4105538129806519,1.1946768760681152,1.2719522714614868,0.99737548828125,0.566650390625,0.10348686575889587,0.03252749572270403,0.0011568069458007812,133
186,0.15885743261873722,0.46380016645789146,1.1171052293777466,0.4943467974662781,0.9185758233070374,1.122631549835205,0.0015211105346679688,0.6365966796875,0.9991586446121801,0.011151313781738281,1.400689959526062,1.107147455215454,1.2334492206573486,0.983154296875,0.77740478515625,0.17066174745559692,0.0030040740966796875,0.49847412109375,0.9986789305694401,0.01483154296875,1.388890027999878,1.0480374097824097,1.19609797000885,0.9833984375,0.75390625,0.16283808648586273,3.814697265625e-05,0.96551513671875,0.99963835865492,0.00567626953125,1.412489891052246,1.1946877241134644,1.273016095161438,0.99749755859375,0.5606689453125,0.1035444512963295,0.03203535730397883,0.0011568069458007812,134
187,0.1587710432112217,0.46416704484820365,1.1176358523368835,0.5067704916000366,0.948534369468689,1.1544188261032104,0.0016374588012695312,0.6480712890625,0.9989826643723063,0.012105941772460938,1.4021998643875122,1.1216232776641846,1.2397006750106812,0.97979736328125,0.77569580078125,0.1736462265253067,0.0032329559326171875,0.4959716796875,0.998486753902398,0.01556396484375,1.3945506811141968,1.0650179386138916,1.2088416814804077,0.9805908203125,0.7515869140625,0.16416479647159576,4.1961669921875e-05,0.96038818359375,0.9994785748422146,0.00762939453125,1.4098491668701172,1.1949472427368164,1.270328164100647,0.99481201171875,0.578125,0.11452260613441467,0.03154522099946191,0.0011568069458007812,135
188,0.15815529306232928,0.4630664548873901,1.1171767119169236,0.5030745267868042,0.9411914944648743,1.1434650421142578,0.0015840530395507812,0.65032958984375,0.9990826284047216,0.01141357421875,1.4014015197753906,1.1175099611282349,1.2376248836517334,0.981201171875,0.77813720703125,0.17241953313350677,0.0031375885009765625,0.510498046875,0.9986097228247672,0.014728546142578125,1.3927156925201416,1.0631288290023804,1.206100583076477,0.9818115234375,0.7535400390625,0.163615420460701,3.0517578125e-05,0.96221923828125,0.999555533984676,0.006832122802734375,1.4100874662399292,1.1920642852783203,1.2696833610534668,0.99615478515625,0.57745361328125,0.11169818043708801,0.03105714128199943,0.0011568069458007812,136
189,0.15986172948777674,0.4649763470888138,1.1172266789674759,0.4937513470649719,0.91666179895401,1.1165716648101807,0.0013360977172851562,0.66497802734375,0.9991591186844744,0.01019287109375,1.3985649347305298,1.1133644580841064,1.2324728965759277,0.9837646484375,0.77227783203125,0.1688409000635147,0.002651214599609375,0.50592041015625,0.9987253783037886,0.013196945190429688,1.38926100730896,1.0590105056762695,1.1994167566299438,0.984375,0.7489013671875,0.1607285588979721,2.09808349609375e-05,0.9678955078125,0.9995928590651602,0.0063800811767578125,1.4078686237335205,1.190141201019287,1.2676596641540527,0.9962158203125,0.56585693359375,0.1053498312830925,0.030571172395872155,0.0011568069458007812,137
190,0.1582126683741808,0.4631447020471096,1.1171917095184327,0.496690571308136,0.9251295328140259,1.1331696510314941,0.0015115737915039062,0.63739013671875,0.9990983049501665,0.011034011840820312,1.4012025594711304,1.1129347085952759,1.2351990938186646,0.98272705078125,0.77679443359375,0.16989655792713165,0.00299072265625,0.52093505859375,0.9986307240906172,0.0145263671875,1.3920516967773438,1.056971788406372,1.2028778791427612,0.98333740234375,0.7513427734375,0.16089367866516113,3.24249267578125e-05,0.96331787109375,0.9995658858097158,0.00714111328125,1.410353183746338,1.1892727613449097,1.2696609497070312,0.99639892578125,0.57269287109375,0.10731732100248337,0.03008736835076704,0.0011568069458007812,138
191,0.1582464569658041,0.46364329794049264,1.1177549326419831,0.49806904792785645,0.925154983997345,1.128372311592102,0.001499176025390625,0.64324951171875,0.9990543824678753,0.01068878173828125,1.4017868041992188,1.1168166399002075,1.2376126050949097,0.9825439453125,0.7677001953125,0.1694939136505127,0.002979278564453125,0.50958251953125,0.9985633476171643,0.01434326171875,1.3907537460327148,1.0576175451278687,1.2018787860870361,0.98284912109375,0.7474365234375,0.1617201417684555,1.9073486328125e-05,0.96868896484375,0.9995454173185863,0.00617218017578125,1.4128201007843018,1.199422001838684,1.2749961614608765,0.996337890625,0.55316162109375,0.10555467754602432,0.0296057829157745,0.0011568069458007812,139
192,0.159664189055562,0.46480209118127824,1.117333961725235,0.49467283487319946,0.9192461371421814,1.1244385242462158,0.0013494491577148438,0.6551513671875,0.9991510386753362,0.0103759765625,1.3995381593704224,1.115767240524292,1.235670804977417,0.983642578125,0.77142333984375,0.16778187453746796,0.0026683807373046875,0.515625,0.9987276644678786,0.01308441162109375,1.3902047872543335,1.0599994659423828,1.2016884088516235,0.9840087890625,0.74847412109375,0.15953144431114197,3.0517578125e-05,0.96820068359375,0.9995744128827937,0.00567626953125,1.4088715314865112,1.1944218873977661,1.2702064514160156,0.99737548828125,0.56585693359375,0.10555579513311386,0.029126469613412784,0.0011568069458007812,140
193,0.15674631554633378,0.4622206643819809,1.1178356570005417,0.4971548318862915,0.9229693412780762,1.1255691051483154,0.0014734268188476562,0.63836669921875,0.9991742247075308,0.0107421875,1.4022225141525269,1.1157267093658447,1.2384214401245117,0.98333740234375,0.77392578125,0.16912955045700073,0.002918243408203125,0.51416015625,0.9986995968502015,0.014139175415039062,1.3908450603485107,1.058003306388855,1.2030924558639526,0.984130859375,0.75286865234375,0.16135011613368988,2.86102294921875e-05,0.9678955078125,0.9996488525648601,0.006103515625,1.4135998487472534,1.1997853517532349,1.2757805585861206,0.9969482421875,0.55413818359375,0.10447996109724045,0.02864948171367946,0.0011568069458007812,141
194,0.15700947731733322,0.46258127892017364,1.1180288915634156,0.4966079592704773,0.9223451018333435,1.1213665008544922,0.0013666152954101562,0.635986328125,0.9992246557376347,0.01043701171875,1.3989530801773071,1.1145273447036743,1.2343308925628662,0.98492431640625,0.7738037109375,0.1694435030221939,0.0027008056640625,0.51544189453125,0.9987860601395369,0.013645172119140625,1.3886882066726685,1.0600574016571045,1.2013335227966309,0.985595703125,0.7513427734375,0.1609376072883606,3.24249267578125e-05,0.9669189453125,0.9996632513357326,0.0062198638916015625,1.4092179536819458,1.189827561378479,1.2691787481307983,0.99688720703125,0.56951904296875,0.10732915252447128,0.028174872228131146,0.0011568069458007812,142
195,0.1569998449534178,0.463038789331913,1.1184753584861755,0.49115830659866333,0.911071240901947,1.109771490097046,0.0013294219970703125,0.654296875,0.9992881516227499,0.009989738464355469,1.4008721113204956,1.1101019382476807,1.234200358390808,0.9835205078125,0.76751708984375,0.16760455071926117,0.002635955810546875,0.4986572265625,0.9988657134235837,0.013502120971679688,1.3891007900238037,1.053513765335083,1.1967413425445557,0.98406982421875,0.74578857421875,0.16031739115715027,2.288818359375e-05,0.96875,0.9997105898219161,0.0047607421875,1.4126434326171875,1.196116328239441,1.2750022411346436,0.99798583984375,0.5477294921875,0.10038740187883377,0.027702693903991896,0.0011568069458007812,143
196,0.15760809221863747,0.46300669625401497,1.1178270083665849,0.49380040168762207,0.9062732458114624,1.1061877012252808,0.0012807846069335938,0.64227294921875,0.999277209630236,0.00970458984375,1.3998256921768188,1.1116334199905396,1.234106183052063,0.98443603515625,0.77679443359375,0.16868700087070465,0.002532958984375,0.5106201171875,0.9988709102617577,0.01300048828125,1.388840675354004,1.054541826248169,1.1985597610473633,0.9849853515625,0.75274658203125,0.16059164702892303,2.86102294921875e-05,0.9649658203125,0.9996835089987144,0.00506591796875,1.4108107089996338,1.193522572517395,1.2719484567642212,0.9974365234375,0.56964111328125,0.10292442888021469,0.027232999218290956,0.0011568069458007812,144
197,0.1581361359655857,0.4636506768465042,1.1180202746391297,0.49741026759147644,0.9280538558959961,1.1229907274246216,0.0015106201171875,0.63458251953125,0.9991542154166382,0.010498046875,1.3997143507003784,1.1147290468215942,1.2359585762023926,0.9827880859375,0.7762451171875,0.1691846251487732,0.0029773712158203125,0.50531005859375,0.9987167635699734,0.014196395874023438,1.39064621925354,1.0590084791183472,1.2033313512802124,0.9835205078125,0.7529296875,0.160262331366539,4.38690185546875e-05,0.96136474609375,0.999591667263303,0.00555419921875,1.4087824821472168,1.190885066986084,1.2695080041885376,0.99627685546875,0.5711669921875,0.10749583691358566,0.026765840372030593,0.0011568069458007812,145
198,0.15540978622436524,0.46151134598255156,1.1186932497024535,0.49806320667266846,0.9296740293502808,1.1273096799850464,0.0015115737915039062,0.65496826171875,0.9990347683778964,0.01055908203125,1.402252197265625,1.116819977760315,1.2386926412582397,0.9833984375,0.771484375,0.16946400701999664,0.002994537353515625,0.4990234375,0.9985439624870196,0.013940811157226562,1.3909876346588135,1.0597809553146362,1.2025319337844849,0.983642578125,0.75244140625,0.16222785413265228,2.86102294921875e-05,0.96905517578125,0.9995255742687732,0.0059814453125,1.413516640663147,1.2019460201263428,1.2763564586639404,0.9962158203125,0.552978515625,0.10490981489419937,0.026301269284384476,0.0011568069458007812,146
199,0.15613172041624784,0.4618244606256485,1.118383200287819,0.49231499433517456,0.9122920036315918,1.1048204898834229,0.00136566162109375,0.6455078125,0.9992839115438983,0.009725570678710938,1.399287462234497,1.1107449531555176,1.2340244054794312,0.9837646484375,0.774658203125,0.16801388561725616,0.0027027130126953125,0.53021240234375,0.998872919823043,0.01324462890625,1.3909451961517334,1.0544573068618774,1.1998482942581177,0.984130859375,0.75018310546875,0.15954573452472687,2.86102294921875e-05,0.967529296875,0.9996949032647535,0.0057373046875,1.407629370689392,1.1896213293075562,1.2678625583648682,0.99713134765625,0.5640869140625,0.10396409034729004,0.025839337586927632,0.0011568069458007812,147
200,0.15607496074587107,0.4620441680252552,1.1186225537061691,0.4975668787956238,0.920147180557251,1.1165543794631958,0.0013303756713867188,0.63177490234375,0.9992839387559798,0.0098876953125,1.4020596742630005,1.1182382106781006,1.238466501235962,0.983642578125,0.77130126953125,0.16787099838256836,0.0026416778564453125,0.51629638671875,0.9988749857875519,0.013475418090820312,1.3919847011566162,1.0638301372528076,1.2057379484176636,0.9842529296875,0.74530029296875,0.15956343710422516,1.9073486328125e-05,0.966796875,0.9996928917244077,0.00537109375,1.4121347665786743,1.194419026374817,1.2728755474090576,0.9974365234375,0.56866455078125,0.10571258515119553,0.02538009661789808,0.0011568069458007812,148
201,0.1562266260907054,0.46203874713182447,1.118502957701683,0.498139351606369,0.9287219047546387,1.1226621866226196,0.0014810562133789062,0.65008544921875,0.9992775810533203,0.010371208190917969,1.4020419120788574,1.1176528930664062,1.2384419441223145,0.9827880859375,0.77215576171875,0.1691674143075943,0.0029468536376953125,0.52862548828125,0.9988347880425863,0.01432037353515625,1.3928275108337402,1.0598971843719482,1.204648733139038,0.9833984375,0.75042724609375,0.160653218626976,1.52587890625e-05,0.9659423828125,0.9997203740640543,0.005748748779296875,1.4112564325332642,1.1953918933868408,1.2725852727890015,0.9970703125,0.562255859375,0.10717787593603134,0.024923597416491253,0.0011568069458007812,149
202,0.15527936560660602,0.46120039877295493,1.118552702665329,0.4933890104293823,0.9071949124336243,1.1087641716003418,0.00127410888671875,0.6319580078125,0.9992288720968645,0.010050773620605469,1.3973217010498047,1.1081671714782715,1.2309542894363403,0.98382568359375,0.7791748046875,0.16992557048797607,0.0025272369384765625,0.5081787109375,0.9988094287109561,0.013397216796875,1.386723279953003,1.0519838333129883,1.1941592693328857,0.98443603515625,0.757568359375,0.1625288426876068,2.09808349609375e-05,0.9730224609375,0.9996483154827729,0.0050048828125,1.4079198837280273,1.1952317953109741,1.2702182531356812,0.99798583984375,0.56268310546875,0.10272093862295151,0.024469890717187574,0.0011568069458007812,150
203,0.15506302458792925,0.4609141772389412,1.1185997850894929,0.49879005551338196,0.9150063991546631,1.1199665069580078,0.001255035400390625,0.644287109375,0.9992076659982558,0.01007080078125,1.4012913703918457,1.1190524101257324,1.2385754585266113,0.98443603515625,0.77276611328125,0.1680605262517929,0.0024967193603515625,0.5162353515625,0.9987877071835101,0.013223648071289062,1.3919798135757446,1.0626788139343262,1.2046523094177246,0.98468017578125,0.75115966796875,0.16009999811649323,1.33514404296875e-05,0.9720458984375,0.9996276248130016,0.00537109375,1.4106028079986572,1.1985410451889038,1.2739152908325195,0.99700927734375,0.56231689453125,0.10517746210098267,0.02401902694411395,0.0011568069458007812,151
204,0.15562079127132894,0.4619613368213177,1.1190900325775146,0.49631667137145996,0.9199880361557007,1.1183559894561768,0.0014314651489257812,0.6361083984375,0.9991725157015026,0.010336875915527344,1.3989803791046143,1.113411784172058,1.2346092462539673,0.98297119140625,0.7760009765625,0.16946643590927124,0.002826690673828125,0.5137939453125,0.9987413211492822,0.0137939453125,1.3892433643341064,1.0579288005828857,1.201697587966919,0.98321533203125,0.752685546875,0.16109943389892578,3.62396240234375e-05,0.96685791015625,0.999603710253723,0.006103515625,1.408717393875122,1.1906532049179077,1.2692906856536865,0.99688720703125,0.56787109375,0.10574954748153687,0.02357105620543964,0.0011568069458007812,152
205,0.15468122662603856,0.46121978282928466,1.1193705626726151,0.4971630275249481,0.9223658442497253,1.1152735948562622,0.0014295578002929688,0.63397216796875,0.9991758258256596,0.0101318359375,1.3999719619750977,1.113762378692627,1.2356798648834229,0.98321533203125,0.77679443359375,0.17004461586475372,0.002841949462890625,0.50537109375,0.9987276099273004,0.013614654541015625,1.3898645639419556,1.0576257705688477,1.2019842863082886,0.98394775390625,0.75286865234375,0.16169925034046173,1.71661376953125e-05,0.96484375,0.9996240417240188,0.00616455078125,1.4100794792175293,1.1924681663513184,1.2707284688949585,0.99676513671875,0.5693359375,0.10580000281333923,0.02312602828780743,0.0011568069458007812,153
206,0.1542108631581068,0.460676190674305,1.1195112127065658,0.4929945170879364,0.9057430028915405,1.1112613677978516,0.0013151168823242188,0.6544189453125,0.999199180456344,0.0103759765625,1.3986289501190186,1.107123613357544,1.2312644720077515,0.9835205078125,0.78173828125,0.16957633197307587,0.0026111602783203125,0.51226806640625,0.9987448772299103,0.013607025146484375,1.386776328086853,1.0481623411178589,1.1936192512512207,0.984130859375,0.7607421875,0.16221457719802856,1.9073486328125e-05,0.96923828125,0.9996534836827777,0.0055255889892578125,1.410481572151184,1.1953837871551514,1.2726781368255615,0.997314453125,0.5587158203125,0.10096582770347595,0.022683992650800452,0.0011568069458007812,154
207,0.15418426946550606,0.46085161820054055,1.1196175320148467,0.499805212020874,0.9258832931518555,1.1219918727874756,0.0014104843139648438,0.647705078125,0.9992604564176872,0.010157585144042969,1.4026694297790527,1.1204543113708496,1.2400110960006714,0.9835205078125,0.77154541015625,0.1690116971731186,0.0028057098388671875,0.50372314453125,0.9988323153811507,0.013715744018554688,1.3932139873504639,1.0630545616149902,1.2068499326705933,0.984375,0.750244140625,0.16055436432361603,1.52587890625e-05,0.9664306640625,0.9996885974542238,0.00531005859375,1.4121249914169312,1.1975823640823364,1.2737540006637573,0.99713134765625,0.56573486328125,0.1074327751994133,0.022244998421445162,0.0011568069458007812,155
208,0.15323399802297355,0.45971554961800576,1.1194911142587662,0.49735158681869507,0.9213890433311462,1.110419750213623,0.001308441162109375,0.64581298828125,0.9992884295352269,0.00958251953125,1.402000904083252,1.1179862022399902,1.237641453742981,0.9837646484375,0.77117919921875,0.16740834712982178,0.0026073455810546875,0.50372314453125,0.9988683319534175,0.013017654418945312,1.391156554222107,1.061393141746521,1.2027013301849365,0.98406982421875,0.75177001953125,0.1596652865409851,9.5367431640625e-06,0.971923828125,0.9997085271170363,0.00494384765625,1.412845253944397,1.1990209817886353,1.275133490562439,0.9970703125,0.55657958984375,0.10409167408943176,0.021809094388751657,0.0011568069458007812,156
209,0.15391835927963257,0.46039797103405,1.1193502496480943,0.5001139640808105,0.9324363470077515,1.1283973455429077,0.0015773773193359375,0.631103515625,0.9991633630706929,0.010725021362304688,1.4016410112380981,1.1174451112747192,1.2387261390686035,0.98358154296875,0.77374267578125,0.16973976790905,0.0031280517578125,0.50213623046875,0.9987128738430329,0.01397705078125,1.3921650648117065,1.0585124492645264,1.205254316329956,0.9840087890625,0.7509765625,0.1612517088651657,2.6702880859375e-05,0.96875,0.9996138522983529,0.005859375,1.4111170768737793,1.1965007781982422,1.2727530002593994,0.9970703125,0.56658935546875,0.1077868714928627,0.021376328998291238,0.0011568069458007812,157
210,0.15465251921117307,0.46188645899295805,1.120082358121872,0.4943835437297821,0.9212145805358887,1.114806890487671,0.0014600753784179688,0.63104248046875,0.9992045824474189,0.010111808776855469,1.4011536836624146,1.113911747932434,1.2369191646575928,0.9840087890625,0.776123046875,0.16711938381195068,0.0028972625732421875,0.4852294921875,0.9987747241393663,0.013559341430664062,1.3913395404815674,1.056509256362915,1.2031867504119873,0.98443603515625,0.751220703125,0.15870468318462372,2.288818359375e-05,0.96697998046875,0.9996344407554716,0.00531005859375,1.4109680652618408,1.1941677331924438,1.2730001211166382,0.99737548828125,0.56353759765625,0.10425754636526108,0.020946750346812325,0.0011568069458007812,158
211,0.15260013052821159,0.4595168889462948,1.1199613153934478,0.4957505464553833,0.9138429164886475,1.1069202423095703,0.0013141632080078125,0.625732421875,0.9992207387986127,0.0095977783203125,1.402144193649292,1.117140531539917,1.2381058931350708,0.9852294921875,0.76861572265625,0.16656281054019928,0.00261688232421875,0.48712158203125,0.9987907613976859,0.013048171997070312,1.3904134035110474,1.0607998371124268,1.202767014503479,0.9857177734375,0.74835205078125,0.15904776751995087,1.1444091796875e-05,0.97235107421875,0.9996507161995396,0.0052642822265625,1.4138749837875366,1.200142502784729,1.2758479118347168,0.997314453125,0.55462646484375,0.10277169197797775,0.020520406176894965,0.0011568069458007812,159
212,0.15347304046154023,0.46075534442067145,1.1203773818016052,0.49798497557640076,0.9236961603164673,1.1190248727798462,0.0013895034790039062,0.65069580078125,0.9992010746209417,0.0101318359375,1.4010132551193237,1.117438793182373,1.2378971576690674,0.9847412109375,0.76953125,0.1683875322341919,0.0027618408203125,0.5233154296875,0.9987486547906883,0.013843536376953125,1.3899472951889038,1.06186842918396,1.2033381462097168,0.98504638671875,0.74993896484375,0.1609473079442978,1.71661376953125e-05,0.9681396484375,0.999653494451195,0.00567626953125,1.4120792150497437,1.200222134590149,1.2757580280303955,0.9970703125,0.556640625,0.10386362671852112,0.020097343871644944,0.0011568069458007812,160
213,0.15229059091210365,0.45973706981539725,1.1206313680410385,0.49725958704948425,0.9143644571304321,1.1254671812057495,0.0012540817260742188,0.65325927734375,0.999202079634415,0.010320663452148438,1.399236798286438,1.1195876598358154,1.2374749183654785,0.98406982421875,0.771728515625,0.16655799746513367,0.002490997314453125,0.51824951171875,0.9987890550401062,0.01324462890625,1.391198992729187,1.0638258457183838,1.2049729824066162,0.984619140625,0.74853515625,0.15819168090820312,1.71661376953125e-05,0.9713134765625,0.9996151042287238,0.00567626953125,1.4072744846343994,1.1951342821121216,1.2702913284301758,0.99652099609375,0.56573486328125,0.10526413470506668,0.019677610449427636,0.0011568069458007812,161
214,0.15204673409461975,0.4591276299059391,1.1204438235759735,0.495047926902771,0.9113695025444031,1.1159305572509766,0.0013303756713867188,0.64105224609375,0.999258150201058,0.010230064392089844,1.4002317190170288,1.1132175922393799,1.23678457736969,0.98394775390625,0.77203369140625,0.16786211729049683,0.002643585205078125,0.51226806640625,0.9988282531849109,0.013916015625,1.3897533416748047,1.056771993637085,1.202223777770996,0.98455810546875,0.75,0.1598825603723526,1.71661376953125e-05,0.96923828125,0.9996880472172052,0.005237579345703125,1.410710096359253,1.1960766315460205,1.2727948427200317,0.9969482421875,0.55987548828125,0.10366789251565933,0.0192612525586425,0.0011568069458007812,162
215,0.15261653611063958,0.4598009557425976,1.1203238991498947,0.495619535446167,0.9121005535125732,1.1021591424942017,0.0013866424560546875,0.61907958984375,0.9992299463774543,0.009586334228515625,1.399358868598938,1.1094214916229248,1.233880639076233,0.98541259765625,0.78076171875,0.1703546792268753,0.002758026123046875,0.50048828125,0.9987887745373882,0.01287841796875,1.3864963054656982,1.051723599433899,1.1954302787780762,0.98583984375,0.76068115234375,0.16310611367225647,1.52587890625e-05,0.97137451171875,0.9996711182175204,0.004638671875,1.4122215509414673,1.1989997625350952,1.2754218578338623,0.99755859375,0.56060791015625,0.10259763151407242,0.01884831647253858,0.0011568069458007812,163
216,0.15239320622384547,0.45959788593649864,1.1205195219516755,0.5006925463676453,0.9342696070671082,1.1205451488494873,0.0015878677368164062,0.64288330078125,0.9992041494697332,0.010074615478515625,1.4012017250061035,1.118464469909668,1.239103078842163,0.9837646484375,0.772705078125,0.16996610164642334,0.0031337738037109375,0.49530029296875,0.9987641702173278,0.013942718505859375,1.3922333717346191,1.0621432065963745,1.2068840265274048,0.98431396484375,0.74951171875,0.16105777025222778,4.1961669921875e-05,0.96478271484375,0.9996441287221387,0.00579833984375,1.410170316696167,1.1943879127502441,1.2722504138946533,0.9969482421875,0.572021484375,0.10924607515335083,0.018438848084071962,0.0011568069458007812,164
217,0.1517940401881933,0.45924515345692635,1.1208671499490739,0.5020978450775146,0.9366418123245239,1.1284072399139404,0.0014905929565429688,0.64385986328125,0.9991449127264787,0.01043701171875,1.4016648530960083,1.1204825639724731,1.240073800086975,0.98272705078125,0.7708740234375,0.16988371312618256,0.0029582977294921875,0.49884033203125,0.9987008014577441,0.014001846313476562,1.393534541130066,1.065924048423767,1.2074954509735107,0.9833984375,0.74566650390625,0.16118115186691284,2.288818359375e-05,0.96392822265625,0.9995890239952132,0.0062255859375,1.4097952842712402,1.1958732604980469,1.271701693534851,0.9969482421875,0.5718994140625,0.1086076870560646,0.018032892900805144,0.0011568069458007812,165
218,0.1519720392152667,0.45979310461878775,1.121054465532303,0.49684178829193115,0.9251474738121033,1.1253416538238525,0.001468658447265625,0.62872314453125,0.9991881222522352,0.010498046875,1.4011421203613281,1.1166447401046753,1.238646388053894,0.98455810546875,0.77099609375,0.16714517772197723,0.0029201507568359375,0.496826171875,0.9987221044139005,0.01458740234375,1.391331434249878,1.0582070350646973,1.2039986848831177,0.98492431640625,0.7501220703125,0.1594942957162857,1.71661376953125e-05,0.968505859375,0.9996541400905699,0.0055866241455078125,1.4109528064727783,1.1998298168182373,1.2743289470672607,0.99737548828125,0.55352783203125,0.10463658720254898,0.017630496039849435,0.0011568069458007812,166
219,0.15064233899861573,0.4579046920835972,1.1207341403961182,0.4971945285797119,0.9262743592262268,1.116011619567871,0.0014200210571289062,0.64569091796875,0.9992157527594827,0.010025978088378906,1.3990153074264526,1.1157987117767334,1.2361127138137817,0.98358154296875,0.7730712890625,0.16931559145450592,0.002826690673828125,0.51220703125,0.9987834630301222,0.0133056640625,1.3904669284820557,1.0610908269882202,1.2038463354110718,0.9840087890625,0.74945068359375,0.16081571578979492,1.33514404296875e-05,0.968017578125,0.9996480424888432,0.00634765625,1.4075638055801392,1.1912708282470703,1.2680695056915283,0.99725341796875,0.5712890625,0.1079770103096962,0.017231702222850812,0.0011568069458007812,167
220,0.150408045835793,0.45807329684495923,1.1212445769309998,0.4960830807685852,0.9213244318962097,1.1248018741607666,0.0014171600341796875,0.6407470703125,0.9991844568576198,0.0103759765625,1.4011518955230713,1.1165590286254883,1.2376675605773926,0.98333740234375,0.77288818359375,0.16749852895736694,0.002803802490234375,0.51873779296875,0.9987297399202362,0.013671875,1.391501784324646,1.0583161115646362,1.2044801712036133,0.9840087890625,0.7490234375,0.15923132002353668,3.0517578125e-05,0.96588134765625,0.9996391737950034,0.00628662109375,1.4108017683029175,1.1948575973510742,1.2721238136291504,0.99609375,0.56451416015625,0.10468974709510803,0.01683655577101956,0.0011568069458007812,168
221,0.15105027946829797,0.45887599936127665,1.121379455447197,0.49986451864242554,0.9208150506019592,1.123010516166687,0.0013151168823242188,0.63421630859375,0.9990653407003265,0.010317802429199219,1.4015510082244873,1.1184154748916626,1.2390220165252686,0.9833984375,0.771484375,0.16957883536815643,0.0026149749755859375,0.5089111328125,0.9986000977805816,0.01416015625,1.3910818099975586,1.062038779258728,1.2033188343048096,0.983642578125,0.751220703125,0.16225676238536835,1.52587890625e-05,0.97064208984375,0.9995305836200714,0.005615234375,1.4120204448699951,1.2018729448318481,1.2762706279754639,0.9969482421875,0.55859375,0.10455272346735,0.01644510060020454,0.0011568069458007812,169
222,0.14978781863301993,0.4577090574800968,1.1214328188896179,0.4980514645576477,0.9231875538825989,1.1302027702331543,0.0013408660888671875,0.63702392578125,0.9991477091098204,0.01068115234375,1.3997420072555542,1.1189377307891846,1.2378640174865723,0.9835205078125,0.770263671875,0.16818171739578247,0.002655029296875,0.49755859375,0.9987228516838513,0.013738632202148438,1.3918546438217163,1.0637545585632324,1.2065051794052124,0.98382568359375,0.74530029296875,0.1592533439397812,2.6702880859375e-05,0.96429443359375,0.9995725665357895,0.0062255859375,1.407629370689392,1.1919643878936768,1.269160509109497,0.9969482421875,0.57281494140625,0.10815456509590149,0.016057380216012367,0.0011568069458007812,170
223,0.1501264163926244,0.4580586329102516,1.1215979334115982,0.49964791536331177,0.9266456961631775,1.1187636852264404,0.0014324188232421875,0.63092041015625,0.999240381992422,0.0098876953125,1.4023109674453735,1.1215202808380127,1.2408456802368164,0.98443603515625,0.77020263671875,0.16758157312870026,0.002841949462890625,0.50994873046875,0.9988210106967017,0.01332855224609375,1.3934634923934937,1.0646255016326904,1.2081903219223022,0.98480224609375,0.7462158203125,0.15924881398677826,2.288818359375e-05,0.966552734375,0.9996597532881424,0.0057373046875,1.4111586809158325,1.196094274520874,1.2734568119049072,0.9971923828125,0.56585693359375,0.10585182160139084,0.01567343770897247,0.0011568069458007812,171
224,0.14951790103316306,0.45760782015323637,1.1217978209257127,0.5010223984718323,0.9268651604652405,1.1258488893508911,0.0014562606811523438,0.614501953125,0.9991786773316562,0.010449409484863281,1.4019638299942017,1.1174304485321045,1.2390191555023193,0.98431396484375,0.77532958984375,0.17043662071228027,0.00286102294921875,0.5042724609375,0.9987362342653796,0.0140380859375,1.3926353454589844,1.061279296875,1.2057572603225708,0.9847412109375,0.75262451171875,0.162027969956398,5.14984130859375e-05,0.96112060546875,0.9996211203979328,0.005626678466796875,1.4112924337387085,1.1957594156265259,1.272857666015625,0.99713134765625,0.56982421875,0.1072528138756752,0.015293315749747856,0.0011568069458007812,172
225,0.14927412913739682,0.45732581785321236,1.1217808800935745,0.4978339672088623,0.9383449554443359,1.128975749015808,0.0017271041870117188,0.6258544921875,0.9991185529797804,0.01068115234375,1.4017248153686523,1.1172664165496826,1.2397685050964355,0.98193359375,0.76971435546875,0.16916589438915253,0.00341033935546875,0.49468994140625,0.9986571940244175,0.014333724975585938,1.3933604955673218,1.0571397542953491,1.2074061632156372,0.9825439453125,0.7449951171875,0.16023577749729156,4.38690185546875e-05,0.96246337890625,0.9995799119351432,0.0059719085693359375,1.410089373588562,1.1947273015975952,1.271834135055542,0.99658203125,0.562255859375,0.1080353781580925,0.014917056584392952,0.0011568069458007812,173
226,0.14948087139427663,0.45771421602368356,1.1220084983110428,0.4974350929260254,0.9176201820373535,1.1131551265716553,0.0012989044189453125,0.6387939453125,0.9992857241304591,0.00968170166015625,1.4023853540420532,1.1187254190444946,1.2408044338226318,0.98345947265625,0.77020263671875,0.16739535331726074,0.002582550048828125,0.50213623046875,0.9988567366381176,0.0133056640625,1.3919569253921509,1.0609396696090698,1.20406973361969,0.98382568359375,0.7490234375,0.1602315455675125,1.52587890625e-05,0.97393798828125,0.9997147116228007,0.0047607421875,1.4128135442733765,1.2053732872009277,1.2784290313720703,0.99761962890625,0.54833984375,0.10286453366279602,0.014544702029658357,0.0011568069458007812,174
227,0.15017104896903039,0.458505408167839,1.1218609035015106,0.49599432945251465,0.9225828647613525,1.121034026145935,0.0014324188232421875,0.64361572265625,0.9992486753908452,0.010413169860839844,1.4012203216552734,1.1150133609771729,1.2380578517913818,0.98321533203125,0.7706298828125,0.16781854629516602,0.00284576416015625,0.4993896484375,0.9988056517904624,0.01397705078125,1.3917884826660156,1.0583107471466064,1.2036722898483276,0.9835205078125,0.74853515625,0.1596934050321579,1.9073486328125e-05,0.96722412109375,0.9996916989912279,0.005615234375,1.4106522798538208,1.1966519355773926,1.273095726966858,0.99755859375,0.55731201171875,0.10477491468191147,0.014176293468343475,0.0011568069458007812,175
228,0.14871671595424413,0.4571448814868927,1.1224361807107925,0.4963873326778412,0.9124384522438049,1.1058733463287354,0.0012903213500976562,0.62603759765625,0.9993168001819868,0.0093994140625,1.4032254219055176,1.1159710884094238,1.239417314529419,0.98321533203125,0.7716064453125,0.16779778897762299,0.0025634765625,0.51019287109375,0.9988847969216295,0.0130615234375,1.391674280166626,1.0582588911056519,1.2012488842010498,0.983642578125,0.75213623046875,0.16092650592327118,1.71661376953125e-05,0.9718017578125,0.9997488034423441,0.0047607421875,1.4147766828536987,1.2065802812576294,1.279221534729004,0.998046875,0.54754638671875,0.1005551740527153,0.013811871844697213,0.0011568069458007812,176
229,0.1498433540612459,0.45867472115159036,1.1223387883901597,0.5005989074707031,0.9251436591148376,1.1175719499588013,0.0013647079467773438,0.64886474609375,0.9991542841307819,0.00970458984375,1.401472806930542,1.1221455335617065,1.2404062747955322,0.984619140625,0.77484130859375,0.16822540760040283,0.002704620361328125,0.49212646484375,0.9987368870642968,0.0130615234375,1.39284348487854,1.0674687623977661,1.2080068588256836,0.98504638671875,0.75128173828125,0.1598695069551468,2.47955322265625e-05,0.96600341796875,0.999571681197267,0.0055675506591796875,1.4101020097732544,1.1970930099487305,1.272957444190979,0.99755859375,0.56951904296875,0.10717784613370895,0.013451477659867591,0.0011568069458007812,177
230,0.1477243766784668,0.45630185103416443,1.122696186065674,0.4975335896015167,0.9263762831687927,1.1318840980529785,0.0014123916625976562,0.61700439453125,0.9990985567274038,0.01068115234375,1.4035106897354126,1.1208020448684692,1.24080228805542,0.98193359375,0.765625,0.16655874252319336,0.0027980804443359375,0.49957275390625,0.9986347633530386,0.014051437377929688,1.3940377235412598,1.0646626949310303,1.2074159383773804,0.9822998046875,0.74359130859375,0.1583719104528427,2.6702880859375e-05,0.9652099609375,0.999562350101769,0.00665283203125,1.4129838943481445,1.1983461380004883,1.2750951051712036,0.99664306640625,0.55780029296875,0.10468343645334244,0.013095150967400559,0.0011568069458007812,178
231,0.1489273371398449,0.45772274196147916,1.1225267585515977,0.4927757978439331,0.907145619392395,1.0973280668258667,0.0013227462768554688,0.63531494140625,0.9992844816006254,0.00948333740234375,1.4003498554229736,1.109687328338623,1.2353689670562744,0.98443603515625,0.77655029296875,0.1679748296737671,0.0026302337646484375,0.4892578125,0.9988608998246491,0.012699127197265625,1.3897308111190796,1.0495870113372803,1.1976567506790161,0.98468017578125,0.75439453125,0.16073842346668243,1.52587890625e-05,0.9710693359375,0.9997080633766018,0.004482269287109375,1.4109686613082886,1.1996623277664185,1.2749049663543701,0.998046875,0.55267333984375,0.10053321719169617,0.012742931368788358,0.0011568069458007812,179
232,0.14811624953895808,0.4563781736791134,1.12237093770504,0.5011206269264221,0.931588351726532,1.135507345199585,0.0014705657958984375,0.6317138671875,0.999151733936742,0.01104736328125,1.401410460472107,1.120255708694458,1.2392362356185913,0.98248291015625,0.77081298828125,0.16967393457889557,0.002918243408203125,0.4727783203125,0.9986947505385615,0.014404296875,1.3923707008361816,1.0633853673934937,1.2062389850616455,0.983154296875,0.74896240234375,0.16125909984111786,2.288818359375e-05,0.96728515625,0.9996087173349224,0.006206512451171875,1.4104502201080322,1.1967003345489502,1.2725321054458618,0.9967041015625,0.56719970703125,0.10829401761293411,0.012394858009068442,0.0011568069458007812,180
233,0.14801973461359738,0.4569428393244743,1.1228394792079925,0.4950004816055298,0.9089052081108093,1.1108742952346802,0.0012884140014648438,0.624755859375,0.9993149122747127,0.0096435546875,1.4010964632034302,1.1159368753433228,1.238471508026123,0.9837646484375,0.771240234375,0.166675865650177,0.002559661865234375,0.5167236328125,0.9988862566533498,0.01312255859375,1.389918327331543,1.0567079782485962,1.2008002996444702,0.98419189453125,0.75018310546875,0.15996401011943817,1.71661376953125e-05,0.97357177734375,0.9997435678960755,0.00457763671875,1.4122743606567383,1.2051701545715332,1.2780158519744873,0.99798583984375,0.5491943359375,0.09905168414115906,0.012050969572472902,0.0011568069458007812,181
234,0.14716410179436207,0.45603703886270525,1.1230950932502746,0.49924153089523315,0.9305571913719177,1.1250460147857666,0.0015087127685546875,0.6279296875,0.9991129597765394,0.01033782958984375,1.4001858234405518,1.1196364164352417,1.2384428977966309,0.98272705078125,0.77447509765625,0.1686253547668457,0.0030002593994140625,0.49615478515625,0.9986472770106047,0.01397705078125,1.3910108804702759,1.0635477304458618,1.2058182954788208,0.98333740234375,0.750732421875,0.16038878262043,1.71661376953125e-05,0.96795654296875,0.999578642542474,0.00628662109375,1.4093608856201172,1.1973938941955566,1.271748661994934,0.99658203125,0.56475830078125,0.10707935690879822,0.011711304278129192,0.0011568069458007812,182
235,0.1471750577017665,0.4562865537106991,1.1231645351648332,0.5011168718338013,0.9321749210357666,1.129953384399414,0.0015926361083984375,0.63226318359375,0.9992070989101194,0.010514259338378906,1.40298593044281,1.119114637374878,1.2412058115005493,0.98333740234375,0.7713623046875,0.16930682957172394,0.003154754638671875,0.49298095703125,0.9987472042557783,0.0142822265625,1.3942986726760864,1.0601385831832886,1.2077722549438477,0.98358154296875,0.7486572265625,0.16090291738510132,3.0517578125e-05,0.96795654296875,0.9996669935644604,0.005859375,1.4116735458374023,1.1996655464172363,1.274390459060669,0.9974365234375,0.56219482421875,0.10740519315004349,0.011375899875812466,0.0011568069458007812,183
236,0.14752055963873864,0.4560622478425503,1.1226914030313493,0.4941306710243225,0.9155772924423218,1.1093599796295166,0.0014495849609375,0.6326904296875,0.9992422254290432,0.00982666015625,1.4014601707458496,1.1126421689987183,1.2377405166625977,0.984375,0.7734375,0.16723312437534332,0.0028896331787109375,0.477783203125,0.9987942952429876,0.013475418090820312,1.3898520469665527,1.0551152229309082,1.2003101110458374,0.9847412109375,0.7532958984375,0.16017629206180573,9.5367431640625e-06,0.97137451171875,0.9996901556150988,0.0050048828125,1.4130685329437256,1.2027475833892822,1.2771137952804565,0.99774169921875,0.54693603515625,0.10082128643989563,0.011044793641750237,0.0011568069458007812,184
237,0.14821818908303977,0.45707588717341424,1.1228173985481262,0.4901237487792969,0.9066799879074097,1.1064693927764893,0.0014104843139648438,0.63916015625,0.9992768759839237,0.0101318359375,1.398017168045044,1.1046557426452637,1.231785535812378,0.9842529296875,0.77740478515625,0.16883504390716553,0.0028018951416015625,0.50433349609375,0.9988346858881414,0.01373291015625,1.3862930536270142,1.0456352233886719,1.1935498714447021,0.98431396484375,0.7576904296875,0.16171520948410034,1.9073486328125e-05,0.96881103515625,0.999719066079706,0.0052242279052734375,1.4097411632537842,1.1955718994140625,1.2727420330047607,0.99847412109375,0.55029296875,0.09964350610971451,0.010718022374479504,0.0011568069458007812,185
238,0.14645202013105155,0.45595206210017203,1.1237137426137924,0.49569597840309143,0.9173368811607361,1.10941743850708,0.00138092041015625,0.63916015625,0.9992812243872322,0.00958251953125,1.400863528251648,1.1158653497695923,1.2393043041229248,0.9847412109375,0.7713623046875,0.16675932705402374,0.0027408599853515625,0.5067138671875,0.998855811660178,0.0132293701171875,1.3909581899642944,1.0574989318847656,1.203674077987671,0.9852294921875,0.74920654296875,0.1595539003610611,2.09808349609375e-05,0.97015380859375,0.9997066371142864,0.0052490234375,1.410768747329712,1.2021352052688599,1.2763134241104126,0.9974365234375,0.55267333984375,0.1012520119547844,0.010395622390757048,0.0011568069458007812,186
239,0.14589648482948542,0.4552277229130268,1.1236551569700242,0.4946006238460541,0.9143649339675903,1.1011648178100586,0.0014057159423828125,0.6279296875,0.9993023766728584,0.009306907653808594,1.4006575345993042,1.1141014099121094,1.237553358078003,0.98388671875,0.77215576171875,0.16717751324176788,0.0027904510498046875,0.51287841796875,0.9988794659730047,0.012935638427734375,1.3901253938674927,1.0573365688323975,1.200590968132019,0.98419189453125,0.75128173828125,0.15998120605945587,2.09808349609375e-05,0.97283935546875,0.999725287372712,0.0045166015625,1.4111897945404053,1.2009851932525635,1.2761634588241577,0.9979248046875,0.5565185546875,0.1009778082370758,0.010077629521523185,0.0011568069458007812,187
240,0.14554590421915053,0.4547551633119583,1.1235799230337142,0.4938640594482422,0.915962815284729,1.1059540510177612,0.0014553070068359375,0.62835693359375,0.9992613196955062,0.00970458984375,1.3995497226715088,1.1126753091812134,1.2375468015670776,0.98388671875,0.77154541015625,0.16714555025100708,0.0028972625732421875,0.52099609375,0.9988291109912097,0.01312255859375,1.3897342681884766,1.0523505210876465,1.2007617950439453,0.98419189453125,0.75067138671875,0.15982045233249664,1.33514404296875e-05,0.97186279296875,0.9996935283998027,0.00494384765625,1.4093654155731201,1.2018531560897827,1.2754148244857788,0.99774169921875,0.5516357421875,0.10126334428787231,0.009764079107919751,0.0011568069458007812,188
241,0.14575870800018312,0.45505006465315817,1.1234493050575256,0.4972248077392578,0.9209767580032349,1.1125423908233643,0.001407623291015625,0.63848876953125,0.9991908113879617,0.00963592529296875,1.4001301527023315,1.1190721988677979,1.238401174545288,0.9853515625,0.7730712890625,0.16708946228027344,0.00279998779296875,0.491943359375,0.9987632319098338,0.013147354125976562,1.3916860818862915,1.0617547035217285,1.204574704170227,0.9854736328125,0.75115966796875,0.15932781994342804,1.52587890625e-05,0.97039794921875,0.9996183908660896,0.0053882598876953125,1.4085742235183716,1.1980905532836914,1.2724356651306152,0.99786376953125,0.562744140625,0.10465875267982483,0.009455005997362176,0.0011568069458007812,189
242,0.14611405786126852,0.45528309273719786,1.1235612564086914,0.4984917640686035,0.9250364899635315,1.116551160812378,0.0014400482177734375,0.61688232421875,0.9992097918584477,0.00982666015625,1.402207374572754,1.1200886964797974,1.2399300336837769,0.9842529296875,0.7706298828125,0.16726462543010712,0.0028629302978515625,0.5037841796875,0.9987779530929402,0.012939453125,1.3916881084442139,1.0631932020187378,1.206239938735962,0.9844970703125,0.749755859375,0.15934167802333832,1.71661376953125e-05,0.96966552734375,0.9996416306239553,0.0054931640625,1.4127265214920044,1.1999493837356567,1.2751245498657227,0.99761962890625,0.55963134765625,0.10440704971551895,0.009150444539666677,0.0011568069458007812,190
243,0.1448515396937728,0.4544383146762848,1.1241303074359894,0.4994330108165741,0.9314872622489929,1.1265760660171509,0.0014867782592773438,0.63140869140625,0.9992061084485613,0.01043701171875,1.401803731918335,1.1213921308517456,1.2407667636871338,0.98333740234375,0.77154541015625,0.16753508150577545,0.002948760986328125,0.49664306640625,0.9987658795434982,0.013492584228515625,1.3934412002563477,1.0646663904190063,1.2087854146957397,0.98388671875,0.7484130859375,0.1589488834142685,2.47955322265625e-05,0.96533203125,0.9996463373536244,0.0062255859375,1.4101665019989014,1.196643590927124,1.2723857164382935,0.99664306640625,0.565673828125,0.10664501041173935,0.008850428583232692,0.0011568069458007812,191
244,0.14516793475300074,0.45501972913742067,1.1242968426942825,0.5003833174705505,0.9248000383377075,1.1120468378067017,0.0014276504516601562,0.6356201171875,0.9992704229080118,0.0096435546875,1.4012480974197388,1.1192982196807861,1.2403314113616943,0.98406982421875,0.77386474609375,0.16885675489902496,0.0028285980224609375,0.4923095703125,0.9988508179667406,0.01324462890625,1.3925644159317017,1.0624374151229858,1.2074272632598877,0.9844970703125,0.75189208984375,0.1606064885854721,2.6702880859375e-05,0.96661376953125,0.9996900278492831,0.0052814483642578125,1.4099318981170654,1.1967535018920898,1.2734464406967163,0.99774169921875,0.56591796875,0.10614941269159317,0.008554991471281035,0.0011568069458007812,192
245,0.14499356984347106,0.4550585896372795,1.1245133002996446,0.4966643154621124,0.9218698740005493,1.1146619319915771,0.001415252685546875,0.62841796875,0.9992479895881843,0.0098876953125,1.4004552364349365,1.1180248260498047,1.2386856079101562,0.98406982421875,0.7689208984375,0.16707585752010345,0.0028133392333984375,0.491943359375,0.9988156253821217,0.013017654418945312,1.3910584449768066,1.0594016313552856,1.2047536373138428,0.98443603515625,0.74737548828125,0.15913240611553192,1.71661376953125e-05,0.96881103515625,0.9996803537942469,0.0052623748779296875,1.4098519086837769,1.1985772848129272,1.2731108665466309,0.99755859375,0.55535888671875,0.10399749130010605,0.008264166038148177,0.0011568069458007812,193
246,0.14363741265982388,0.45334863823652266,1.1244033452272415,0.4990260899066925,0.9240630269050598,1.1213479042053223,0.0013799667358398438,0.63232421875,0.999193631549133,0.010001182556152344,1.4011483192443848,1.1214946508407593,1.2398210763931274,0.9847412109375,0.76995849609375,0.16674663126468658,0.002742767333984375,0.49468994140625,0.9987673516734503,0.013469696044921875,1.3927026987075806,1.0653053522109985,1.206940770149231,0.98492431640625,0.7489013671875,0.15880157053470612,1.71661376953125e-05,0.9678955078125,0.9996199114248157,0.005615234375,1.409593939781189,1.1989681720733643,1.2738288640975952,0.99737548828125,0.56121826171875,0.10501918941736221,0.007977984605637046,0.0011568069458007812,194
247,0.14422973024845123,0.4541630101799965,1.1245933573246003,0.4963357150554657,0.9098367691040039,1.1162058115005493,0.0012712478637695312,0.635986328125,0.9992599319666624,0.009909629821777344,1.401373267173767,1.1171510219573975,1.2398258447647095,0.98394775390625,0.771484375,0.16628767549991608,0.0025119781494140625,0.51715087890625,0.9988457857980393,0.0132598876953125,1.391693115234375,1.0597835779190063,1.2040032148361206,0.984619140625,0.74908447265625,0.15895207226276398,3.0517578125e-05,0.97003173828125,0.9996740781352855,0.004818078243371212,1.4110536575317383,1.2023859024047852,1.2762645483016968,0.99749755859375,0.55609130859375,0.10080381482839584,0.007696478979425001,0.0011568069458007812,195
248,0.1448824870660901,0.4546101848781109,1.1243636870384217,0.4968961477279663,0.9180004000663757,1.1205710172653198,0.0013370513916015625,0.63165283203125,0.99928592069773,0.010147798978365385,1.400998830795288,1.1188406944274902,1.239243507385254,0.98443603515625,0.76849365234375,0.1666886955499649,0.002655029296875,0.48150634765625,0.998859049170278,0.01348876953125,1.39133620262146,1.0618242025375366,1.2051984071731567,0.98480224609375,0.74676513671875,0.1588706225156784,1.9073486328125e-05,0.968994140625,0.9997127922251821,0.0052280426025390625,1.4106616973876953,1.1995878219604492,1.2742884159088135,0.99786376953125,0.5576171875,0.10351897031068802,0.007419680445528784,0.0011568069458007812,196
249,0.14458003509044648,0.4545289219021797,1.124406978726387,0.49755045771598816,0.9221262335777283,1.1139930486679077,0.0014219284057617188,0.625244140625,0.9992825468361843,0.00970458984375,1.4006037712097168,1.117699146270752,1.2389521598815918,0.983642578125,0.772705078125,0.16750943660736084,0.00283050537109375,0.5113525390625,0.9988416291889735,0.01352691650390625,1.3910713195800781,1.0592058897018433,1.2042043209075928,0.9840087890625,0.75079345703125,0.15965063869953156,1.33514404296875e-05,0.9696044921875,0.9997234644833952,0.005615234375,1.4101364612579346,1.1991479396820068,1.2742068767547607,0.99761962890625,0.559814453125,0.10417619347572327,0.007147619766827641,0.0011568069458007812,197
250,0.14399351388961076,0.4540801707804203,1.1247564544677735,0.5016105771064758,0.936613917350769,1.1359474658966064,0.0015239715576171875,0.6346435546875,0.9991316345403902,0.0106201171875,1.4038639068603516,1.1235105991363525,1.2440921068191528,0.98162841796875,0.76922607421875,0.1675374060869217,0.0030155181884765625,0.49395751953125,0.9986665953765623,0.014326095581054688,1.394829511642456,1.0659606456756592,1.2117857933044434,0.98199462890625,0.747314453125,0.15901394188404083,3.24249267578125e-05,0.96337890625,0.9995966737042181,0.00629425048828125,1.4128984212875366,1.2006375789642334,1.2760169506072998,0.99676513671875,0.5570068359375,0.10699000954627991,0.006880327179644297,0.0011568069458007812,198
251,0.143203099347651,0.453827107578516,1.125307165980339,0.49374088644981384,0.9119593501091003,1.1088749170303345,0.0013437271118164062,0.6431884765625,0.9992615355004091,0.009875297546386719,1.3995715379714966,1.1130694150924683,1.2363522052764893,0.98468017578125,0.7724609375,0.16653558611869812,0.002666473388671875,0.49932861328125,0.9988429763470776,0.012939453125,1.38909912109375,1.0554015636444092,1.2004691362380981,0.9852294921875,0.7528076171875,0.15922100841999054,2.09808349609375e-05,0.970703125,0.9996800946537405,0.00482177734375,1.4100441932678223,1.1984529495239258,1.2740168571472168,0.9976806640625,0.5518798828125,0.10046494007110596,0.006617832390384567,0.0011568069458007812,199
252,0.1423726316317916,0.45292543748021125,1.125502713561058,0.499275267124176,0.9284066557884216,1.1214786767959595,0.001560211181640625,0.61468505859375,0.9991803959419485,0.0103759765625,1.4001661539077759,1.1171396970748901,1.2388495206832886,0.98358154296875,0.777099609375,0.1689896434545517,0.0030994415283203125,0.480712890625,0.9987288670381531,0.013919830322265625,1.3914088010787964,1.0576250553131104,1.2056604623794556,0.9840087890625,0.7535400390625,0.1604808270931244,2.09808349609375e-05,0.96710205078125,0.9996319248457439,0.0059814453125,1.4089233875274658,1.1959456205368042,1.2719074487686157,0.9971923828125,0.56878662109375,0.10656087845563889,0.006360164572235854,0.0011568069458007812,200
253,0.14318990428000689,0.45395890951156614,1.125569689512253,0.49669456481933594,0.9287437200546265,1.120759129524231,0.0015392303466796875,0.62493896484375,0.9991780697600916,0.01043701171875,1.3996318578720093,1.1159398555755615,1.2372856140136719,0.9837646484375,0.7728271484375,0.16817201673984528,0.0030460357666015625,0.48468017578125,0.9987325370311737,0.013828277587890625,1.3906300067901611,1.057753086090088,1.2037054300308228,0.98419189453125,0.74969482421875,0.16000181436538696,3.24249267578125e-05,0.963623046875,0.9996236024890095,0.00567626953125,1.4086334705352783,1.194762945175171,1.2715657949447632,0.99737548828125,0.56121826171875,0.10547254234552383,0.006107352361924856,0.0011568069458007812,201
254,0.1431820046082139,0.45345008540153503,1.1251137411594392,0.49396324157714844,0.916779637336731,1.111598253250122,0.0013723373413085938,0.63726806640625,0.9992511194141116,0.009871482849121094,1.399731159210205,1.1147643327713013,1.2368853092193604,0.9842529296875,0.77093505859375,0.1659873127937317,0.00272369384765625,0.48663330078125,0.99882201658329,0.0133056640625,1.390136480331421,1.0572757720947266,1.2015395164489746,0.9847412109375,0.7501220703125,0.15832151472568512,2.09808349609375e-05,0.9693603515625,0.9996802222449332,0.005359649658203125,1.4093258380889893,1.1972856521606445,1.2731311321258545,0.99755859375,0.55462646484375,0.10159308463335037,0.0058594238565349965,0.0011568069458007812,202
255,0.14187409776449203,0.45249066096544266,1.1255047872066497,0.4973342716693878,0.92073655128479,1.1147152185440063,0.0014553070068359375,0.62579345703125,0.9992863783845678,0.009935379028320312,1.401646614074707,1.115937352180481,1.239286184310913,0.98492431640625,0.77178955078125,0.16760121285915375,0.0028896331787109375,0.4927978515625,0.9988501934567466,0.013916015625,1.391940712928772,1.0565767288208008,1.20340096950531,0.9852294921875,0.75177001953125,0.16015207767486572,2.09808349609375e-05,0.97125244140625,0.999722563312389,0.0049610137939453125,1.4113527536392212,1.2013483047485352,1.2761157751083374,0.9979248046875,0.552978515625,0.10256477445363998,0.005616406610383688,0.0011568069458007812,203
256,0.14265246935933829,0.4529999280869961,1.1253362654447556,0.4990827441215515,0.9236879348754883,1.1154778003692627,0.0014047622680664062,0.62030029296875,0.9992441301583312,0.009765625,1.4010668992996216,1.1207971572875977,1.2406790256500244,0.984619140625,0.7725830078125,0.16701512038707733,0.002796173095703125,0.50457763671875,0.9988154747989029,0.01324462890625,1.3915823698043823,1.0619608163833618,1.2066813707351685,0.98492431640625,0.7520751953125,0.15931375324726105,1.33514404296875e-05,0.96923828125,0.9996727855177596,0.00518798828125,1.4105510711669922,1.199949860572815,1.275097370147705,0.99749755859375,0.55859375,0.10396059602499008,0.005378327631960065,0.0011568069458007812,204
257,0.14234861141443253,0.4528330518901348,1.1254379378557204,0.49796146154403687,0.9285486340522766,1.119696855545044,0.0014629364013671875,0.62188720703125,0.9992170171171892,0.00994873046875,1.4010976552963257,1.121346354484558,1.2411986589431763,0.98431396484375,0.7677001953125,0.16659170389175415,0.0029010772705078125,0.48504638671875,0.9987734716851264,0.01348876953125,1.3914203643798828,1.0640032291412354,1.207671046257019,0.9847412109375,0.74737548828125,0.1589663177728653,2.47955322265625e-05,0.96807861328125,0.9996605625492521,0.0054931640625,1.4107749462127686,1.2015684843063354,1.2759857177734375,0.99755859375,0.55352783203125,0.10406617075204849,0.0051452133809232695,0.0011568069458007812,205
258,0.14097150468081235,0.4516239446699619,1.1258790472745894,0.49914512038230896,0.9268755316734314,1.1211330890655518,0.00147247314453125,0.6287841796875,0.9992448535631411,0.010046005249023438,1.4002326726913452,1.120562195777893,1.2398550510406494,0.98382568359375,0.77056884765625,0.16740937530994415,0.0029277801513671875,0.490234375,0.9988074329448864,0.013427734375,1.3914023637771606,1.0632156133651733,1.2063655853271484,0.98419189453125,0.74884033203125,0.1596035361289978,1.71661376953125e-05,0.97119140625,0.9996822741813958,0.0054931640625,1.4090627431869507,1.2005178928375244,1.2735809087753296,0.997802734375,0.5601806640625,0.10507086664438248,0.0049170897651618145,0.0011568069458007812,206
259,0.1406379351466894,0.4521318889558315,1.1266481812000275,0.49842244386672974,0.9272665977478027,1.1222070455551147,0.0014934539794921875,0.634521484375,0.9992408694815822,0.010285377502441406,1.401362419128418,1.1180412769317627,1.2397944927215576,0.9827880859375,0.7713623046875,0.16809777915477753,0.00295257568359375,0.50506591796875,0.9988078738679178,0.01373291015625,1.3928470611572266,1.060079574584961,1.206743597984314,0.9830322265625,0.74884033203125,0.15972165763378143,3.4332275390625e-05,0.9639892578125,0.9996738650952466,0.005859375,1.4098777770996094,1.195418357849121,1.272821307182312,0.9974365234375,0.5631103515625,0.10570152848958969,0.004693982137914134,0.0011568069458007812,207
260,0.14105418957769872,0.45274310940504076,1.1267014635801316,0.4974769055843353,0.9234028458595276,1.1154757738113403,0.0014362335205078125,0.62908935546875,0.9992397101013921,0.009882926940917969,1.4013415575027466,1.118485689163208,1.2405966520309448,0.9847412109375,0.771728515625,0.1666475236415863,0.00284576416015625,0.4932861328125,0.9988108215038665,0.013372421264648438,1.3913441896438599,1.0606976747512817,1.2057021856307983,0.9849853515625,0.7510986328125,0.15912096202373505,2.6702880859375e-05,0.96990966796875,0.9996685986989178,0.0050048828125,1.4113390445709229,1.2026233673095703,1.2763675451278687,0.99761962890625,0.553466796875,0.10270129889249802,0.004475915294951036,0.0011568069458007812,208
261,0.1401771881058812,0.45116942897439005,1.126407132744789,0.4961465895175934,0.919511616230011,1.1065874099731445,0.0014562606811523438,0.6185302734375,0.9993514710222371,0.009265899658203125,1.4010156393051147,1.1171554327011108,1.2402700185775757,0.9849853515625,0.7728271484375,0.166097030043602,0.002895355224609375,0.5042724609375,0.99892832984915,0.013029098510742188,1.3915268182754517,1.0561811923980713,1.2045013904571533,0.98516845703125,0.75140380859375,0.15855950117111206,1.71661376953125e-05,0.970458984375,0.9997746121953242,0.0048542022705078125,1.4105044603347778,1.2021902799606323,1.2761298418045044,0.9981689453125,0.5513916015625,0.10192348808050156,0.004262913471819749,0.0011568069458007812,209
262,0.14000004114210607,0.4511366599202156,1.1266363586187362,0.4991373121738434,0.9288753271102905,1.1228257417678833,0.0014657974243164062,0.6307373046875,0.9992140569665935,0.0101318359375,1.4017364978790283,1.1212245225906372,1.24079167842865,0.98388671875,0.7708740234375,0.16715937852859497,0.002910614013671875,0.4840087890625,0.9987651889678091,0.0137939453125,1.391812801361084,1.0620242357254028,1.206087589263916,0.98406982421875,0.75140380859375,0.15964464843273163,2.09808349609375e-05,0.9703369140625,0.9996629249653779,0.005615234375,1.411660075187683,1.2033361196517944,1.2769711017608643,0.99725341796875,0.55322265625,0.10367951542139053,0.0040550003411505865,0.0011568069458007812,210
263,0.1401476022750139,0.4513614401817322,1.12658072078228,0.4963134527206421,0.9180260896682739,1.1081651449203491,0.0013866424560546875,0.63201904296875,0.999321062467061,0.009428024291992188,1.4032378196716309,1.1198585033416748,1.2423800230026245,0.98468017578125,0.7669677734375,0.16539035737514496,0.00275421142578125,0.51177978515625,0.9989087991416454,0.01300048828125,1.3942599296569824,1.0604796409606934,1.2072542905807495,0.98492431640625,0.74609375,0.15793366730213165,1.9073486328125e-05,0.9696044921875,0.9997333257924765,0.0048828125,1.4122159481048584,1.2030704021453857,1.2774884700775146,0.99810791015625,0.5482177734375,0.10122547298669815,0.0038521990100259407,0.0011568069458007812,211
264,0.14119377525150775,0.45214391323924064,1.126353381037712,0.4986727833747864,0.9282622337341309,1.116538643836975,0.0015048980712890625,0.6258544921875,0.9992608065367676,0.00994873046875,1.4004290103912354,1.117271900177002,1.239184021949768,0.9840087890625,0.77276611328125,0.16844947636127472,0.002979278564453125,0.49658203125,0.9988181880908087,0.013454437255859375,1.3905225992202759,1.0598822832107544,1.2052744626998901,0.98455810546875,0.751220703125,0.16067029535770416,3.0517578125e-05,0.9674072265625,0.9997034249827266,0.0055255889892578125,1.4103351831436157,1.197556495666504,1.2747799158096313,0.99761962890625,0.562255859375,0.10452114790678024,0.0036545320174122204,0.0011568069458007812,212
265,0.13967468284070492,0.4512963908314705,1.1269554079771043,0.49926620721817017,0.9264172911643982,1.1156476736068726,0.0015468597412109375,0.6220703125,0.99922720331233,0.00994873046875,1.400357961654663,1.117342472076416,1.2397960424423218,0.98309326171875,0.77587890625,0.16866494715213776,0.0030574798583984375,0.494873046875,0.9987842787522823,0.01348876953125,1.3913265466690063,1.058051586151123,1.205951452255249,0.9835205078125,0.7537841796875,0.16062505543231964,3.62396240234375e-05,0.9666748046875,0.9996701278723776,0.00543212890625,1.4093894958496094,1.1981083154678345,1.2740157842636108,0.9971923828125,0.56072998046875,0.10493040829896927,0.0034620213316548967,0.0011568069458007812,213
266,0.13936994275450706,0.4509864101409912,1.1272116822004319,0.49799078702926636,0.9118762016296387,1.1076189279556274,0.0012331008911132812,0.63226318359375,0.9992987368896138,0.009456634521484375,1.4015154838562012,1.119563102722168,1.240429162979126,0.98443603515625,0.7691650390625,0.16618333756923676,0.002460479736328125,0.49346923828125,0.998895208875183,0.0126953125,1.3915629386901855,1.0620242357254028,1.2048224210739136,0.98468017578125,0.74871826171875,0.158853679895401,5.7220458984375e-06,0.97198486328125,0.9997022649040446,0.00457763671875,1.4114680290222168,1.2023792266845703,1.2772341966629028,0.99774169921875,0.55792236328125,0.10160642862319946,0.0032746883480369946,0.0011568069458007812,214
267,0.13928685949742795,0.45098756939172746,1.1273170475959777,0.49688637256622314,0.9149230122566223,1.1123477220535278,0.0013275146484375,0.62799072265625,0.9992869566485751,0.00970458984375,1.4006798267364502,1.1187020540237427,1.2406060695648193,0.98486328125,0.77056884765625,0.16605539619922638,0.002643585205078125,0.50823974609375,0.9988658998627216,0.013019561767578125,1.3905106782913208,1.0601707696914673,1.2050409317016602,0.98516845703125,0.7489013671875,0.15880554914474487,1.1444091796875e-05,0.970703125,0.9997080134344287,0.0050048828125,1.4108492136001587,1.2028306722640991,1.2767219543457031,0.998046875,0.5531005859375,0.10137632489204407,0.0030925538864012875,0.0011568069458007812,215
268,0.13843231309205295,0.450231469899416,1.1273471252918243,0.4969589412212372,0.9179291725158691,1.1084648370742798,0.00133514404296875,0.631103515625,0.9992637790855952,0.0093994140625,1.400831937789917,1.1202716827392578,1.2398402690887451,0.98480224609375,0.76776123046875,0.1658155620098114,0.0026531219482421875,0.49951171875,0.9988416646956466,0.01318359375,1.3905344009399414,1.0633983612060547,1.2050483226776123,0.98504638671875,0.747314453125,0.15854094922542572,1.71661376953125e-05,0.97088623046875,0.9996858934755437,0.005126953125,1.4111295938491821,1.2026450634002686,1.2760316133499146,0.99798583984375,0.55352783203125,0.10217449814081192,0.0029156381888363553,0.0011568069458007812,216
269,0.13881871653348207,0.4507350363433361,1.1274365190267563,0.49728158116340637,0.919715166091919,1.1101040840148926,0.00138092041015625,0.62158203125,0.9992956314526964,0.0096435546875,1.4009724855422974,1.1185442209243774,1.240012526512146,0.98370361328125,0.76904296875,0.1669418066740036,0.00273895263671875,0.4981689453125,0.9988685112330131,0.013446807861328125,1.391151785850525,1.060219645500183,1.2044084072113037,0.98388671875,0.74761962890625,0.15951991081237793,2.288818359375e-05,0.969482421875,0.9997227516723797,0.004919803503787879,1.4107933044433594,1.2017406225204468,1.275620460510254,0.99786376953125,0.5557861328125,0.10241016745567322,0.002743960917426964,0.0011568069458007812,217
270,0.13849887331575156,0.45014599177241327,1.127069525718689,0.5004005432128906,0.9231719374656677,1.115447759628296,0.001399993896484375,0.62017822265625,0.9992450205027126,0.009553909301757812,1.403111457824707,1.1228628158569336,1.2437077760696411,0.983642578125,0.77044677734375,0.16652773320674896,0.0027790069580078125,0.48583984375,0.9988174123573117,0.012960433959960938,1.3946294784545898,1.0655078887939453,1.210249662399292,0.9842529296875,0.74688720703125,0.15861977636814117,2.09808349609375e-05,0.96875,0.9996726286481135,0.005504608154296875,1.4115931987762451,1.2026194334030151,1.2770898342132568,0.9970703125,0.55975341796875,0.10395070165395737,0.0025775411520688606,0.0011568069458007812,218
271,0.1380550863072276,0.44990482261776926,1.1274537210464477,0.4968239665031433,0.9210702180862427,1.105562686920166,0.001392364501953125,0.62310791015625,0.9993254692235496,0.0091552734375,1.401099681854248,1.1202101707458496,1.2412474155426025,0.98455810546875,0.76739501953125,0.16592749953269958,0.0027618408203125,0.4937744140625,0.9989152320777066,0.012941360473632812,1.3915445804595947,1.0626922845840454,1.2072359323501587,0.98486328125,0.746337890625,0.158320352435112,2.288818359375e-05,0.9696044921875,0.9997357063693926,0.0050048828125,1.41065514087677,1.2012155055999756,1.275748372077942,0.9979248046875,0.5526123046875,0.10279035568237305,0.0024163973883482366,0.0011568069458007812,219
272,0.13854203993827105,0.4505254440009594,1.1276031227111816,0.49349796772003174,0.9115249514579773,1.099156141281128,0.0013599395751953125,0.6107177734375,0.9993541316944174,0.00927734375,1.3977638483047485,1.1121938228607178,1.2353779077529907,0.984619140625,0.774658203125,0.16723202168941498,0.002704620361328125,0.4891357421875,0.9989413155708462,0.012685775756835938,1.3875200748443604,1.0533831119537354,1.1990981101989746,0.98486328125,0.75421142578125,0.16010333597660065,1.52587890625e-05,0.97125244140625,0.9997669478179887,0.0043430328369140625,1.4080075025558472,1.1987013816833496,1.2730251550674438,0.9981689453125,0.55474853515625,0.10101909190416336,0.0022605475354861818,0.0011568069458007812,220
273,0.13793468748033047,0.4497002575993538,1.1275229204893111,0.4948372542858124,0.9200478792190552,1.1136308908462524,0.0014390945434570312,0.610107421875,0.9992631188360974,0.009781837463378906,1.4012264013290405,1.118446707725525,1.2411689758300781,0.9842529296875,0.76788330078125,0.1646600216627121,0.0028591156005859375,0.5,0.9988361344439909,0.0130615234375,1.3909436464309692,1.059456706047058,1.2059909105300903,0.98443603515625,0.74639892578125,0.1572946310043335,1.9073486328125e-05,0.968994140625,0.999690103228204,0.0047607421875,1.4115095138549805,1.202630877494812,1.2770583629608154,0.99810791015625,0.54693603515625,0.10062769800424576,0.002110008914348281,0.0011568069458007812,221
274,0.1381091087087989,0.45014599022269247,1.1277837340831756,0.49591541290283203,0.920189619064331,1.1084957122802734,0.0014047622680664062,0.6212158203125,0.9993077130930033,0.00958251953125,1.400863528251648,1.1175740957260132,1.2396190166473389,0.98480224609375,0.76995849609375,0.16602621972560883,0.0027942657470703125,0.4854736328125,0.9988879261654802,0.013082504272460938,1.3911962509155273,1.0591214895248413,1.2043001651763916,0.98504638671875,0.74859619140625,0.15851938724517822,1.52587890625e-05,0.970703125,0.9997275000205263,0.00494384765625,1.410530686378479,1.2005823850631714,1.2758122682571411,0.9981689453125,0.55328369140625,0.1016508936882019,0.001964798255519613,0.0011568069458007812,222
275,0.13665616778284312,0.4490775770545006,1.1281815090179443,0.49751150608062744,0.9213151931762695,1.1200556755065918,0.0013685226440429688,0.62115478515625,0.9992518996587023,0.00994873046875,1.400871753692627,1.1211578845977783,1.2406201362609863,0.9840087890625,0.768310546875,0.16560988128185272,0.00272369384765625,0.50457763671875,0.9988186702830717,0.0133056640625,1.391258955001831,1.0646353960037231,1.2070608139038086,0.98443603515625,0.7479248046875,0.15797685086727142,1.33514404296875e-05,0.96893310546875,0.9996851290343329,0.00543212890625,1.410484790802002,1.2012817859649658,1.2751604318618774,0.99755859375,0.55322265625,0.10312944650650024,0.0018249316974453462,0.0011568069458007812,223
276,0.13802559592574834,0.4503931340575218,1.1279429330825805,0.4964100420475006,0.9205352067947388,1.1100064516067505,0.0014314651489257812,0.617919921875,0.9992930817243177,0.009652137756347656,1.4004266262054443,1.1173698902130127,1.2393522262573242,0.98388671875,0.77105712890625,0.1663823276758194,0.0028533935546875,0.47955322265625,0.9988659080117941,0.01312255859375,1.3908812999725342,1.0591938495635986,1.2041534185409546,0.98431396484375,0.74908447265625,0.15881238877773285,9.5367431640625e-06,0.96917724609375,0.9997202554368414,0.004848480224609375,1.409971833229065,1.2010222673416138,1.2747833728790283,0.9979248046875,0.556884765625,0.10239464044570923,0.0016904247846371231,0.0011568069458007812,224
277,0.13760061167925597,0.4499618002474308,1.1280479038953781,0.4947544038295746,0.9192530512809753,1.113932490348816,0.0014181137084960938,0.6265869140625,0.9993070662021637,0.009804725646972656,1.400183081626892,1.1167443990707397,1.2389657497406006,0.98419189453125,0.770263671875,0.16566218435764313,0.0028171539306640625,0.48968505859375,0.9988804685417563,0.013113021850585938,1.390102505683899,1.0577365159988403,1.2037876844406128,0.984619140625,0.74932861328125,0.158270001411438,1.9073486328125e-05,0.9710693359375,0.9997336638625711,0.004924774169921875,1.4102637767791748,1.2010668516159058,1.2753173112869263,0.99798583984375,0.55084228515625,0.10125576704740524,0.001561292465945484,0.0011568069458007812,225
278,0.1375178125947714,0.44966619583964346,1.1278564389944077,0.4957588016986847,0.9179857969284058,1.1137816905975342,0.0014066696166992188,0.61895751953125,0.9992864186351653,0.009724617004394531,1.4020591974258423,1.1186468601226807,1.2417912483215332,0.98388671875,0.7703857421875,0.1653248816728592,0.0027866363525390625,0.49505615234375,0.9988630280713551,0.01324462890625,1.3926270008087158,1.0601059198379517,1.2069294452667236,0.98443603515625,0.74896240234375,0.1578223556280136,2.6702880859375e-05,0.96795654296875,0.9997098091989756,0.0050048828125,1.4114916324615479,1.2023506164550781,1.2768627405166626,0.9976806640625,0.55010986328125,0.10109460353851318,0.0014375490928984925,0.0011568069458007812,226
279,0.1370745028629899,0.44934637084603307,1.1280574879646301,0.49627095460891724,0.9219383001327515,1.1112351417541504,0.0015020370483398438,0.6231689453125,0.9992739961016923,0.009765625,1.4003534317016602,1.1168490648269653,1.2398591041564941,0.9842529296875,0.773193359375,0.16651086509227753,0.0029850006103515625,0.47412109375,0.9988442974281497,0.01343536376953125,1.3907020092010498,1.0579495429992676,1.2050608396530151,0.98480224609375,0.75201416015625,0.1589246690273285,1.9073486328125e-05,0.96868896484375,0.9997036947752349,0.0050048828125,1.4100048542022705,1.2002629041671753,1.2755026817321777,0.99774169921875,0.55517578125,0.10242839902639389,0.0013192084181066883,0.0011568069458007812,227
280,0.13762320301681757,0.45021923780441286,1.128279921412468,0.4950435161590576,0.9143566489219666,1.1061992645263672,0.0013151168823242188,0.624755859375,0.9993073212972376,0.009279251098632812,1.4015330076217651,1.119240164756775,1.2407515048980713,0.98480224609375,0.76702880859375,0.16427552700042725,0.002620697021484375,0.488037109375,0.9989002400543541,0.01270294189453125,1.3916040658950806,1.0613199472427368,1.2048959732055664,0.98486328125,0.74774169921875,0.1572202444076538,9.5367431640625e-06,0.974609375,0.9997144025401212,0.00457763671875,1.4114621877670288,1.204709529876709,1.2778849601745605,0.99822998046875,0.545654296875,0.0994100496172905,0.0012062835937347114,0.0011568069458007812,228
281,0.13738681833446026,0.44969252476096155,1.1281648293733597,0.4963805675506592,0.9182336926460266,1.1129220724105835,0.0013885498046875,0.61798095703125,0.9992587987799197,0.009782791137695312,1.4007970094680786,1.1186283826828003,1.2402750253677368,0.984130859375,0.77203369140625,0.16562297940254211,0.0027618408203125,0.47515869140625,0.9988324358710088,0.013330459594726562,1.3913990259170532,1.0618064403533936,1.204942226409912,0.984375,0.75146484375,0.15811660885810852,1.52587890625e-05,0.96868896484375,0.9996851616888307,0.0052490234375,1.410194993019104,1.201257586479187,1.2756028175354004,0.99774169921875,0.552978515625,0.10191768407821655,0.0010987871700395436,0.0011568069458007812,229
282,0.13669001273065806,0.4486238767206669,1.127981480240822,0.49675166606903076,0.9172970056533813,1.1118171215057373,0.0013780593872070312,0.615478515625,0.9992738389992155,0.009737014770507812,1.4001133441925049,1.1178969144821167,1.239180326461792,0.98516845703125,0.772705078125,0.16625931859016418,0.00274658203125,0.48431396484375,0.9988523724605329,0.01300048828125,1.3905298709869385,1.0598068237304688,1.2040601968765259,0.98541259765625,0.75189208984375,0.15869681537151337,9.5367431640625e-06,0.96954345703125,0.9996953055378981,0.0048351287841796875,1.4096966981887817,1.2000164985656738,1.2746285200119019,0.9979248046875,0.558837890625,0.10249978303909302,0.0009967310939757196,0.0011568069458007812,230
283,0.13768874698877334,0.45029458767175673,1.1281981214284897,0.4971272647380829,0.9198904633522034,1.1127464771270752,0.0013875961303710938,0.61669921875,0.9992600705299992,0.00970458984375,1.4012457132339478,1.1188790798187256,1.2409613132476807,0.984375,0.77069091796875,0.16574843227863312,0.002758026123046875,0.50091552734375,0.9988298694952391,0.013235092163085938,1.3911519050598145,1.060591697692871,1.2054944038391113,0.984619140625,0.74945068359375,0.15837326645851135,1.71661376953125e-05,0.97021484375,0.9996902715647593,0.0050640106201171875,1.4113394021987915,1.2030845880508423,1.2771607637405396,0.9979248046875,0.5528564453125,0.1015787348151207,0.000900126707867554,0.0011568069458007812,231
284,0.13606588170677422,0.44853807547688485,1.1286142171621323,0.4963393807411194,0.9219120740890503,1.114176630973816,0.0014247894287109375,0.62432861328125,0.999245802522637,0.00982666015625,1.4007712602615356,1.1183418035507202,1.240440011024475,0.9842529296875,0.7716064453125,0.16532102227210999,0.002834320068359375,0.48333740234375,0.9988099829060957,0.013454437255859375,1.3905882835388184,1.0606763362884521,1.2052810192108154,0.98468017578125,0.7503662109375,0.15793831646442413,1.52587890625e-05,0.9700927734375,0.9996816221391782,0.0053081512451171875,1.4109541177749634,1.20205819606781,1.2769654989242554,0.99761962890625,0.55047607421875,0.10137039422988892,0.0008089847481485944,0.0011568069458007812,232
285,0.13671449484676124,0.4496605171561241,1.1287653638124466,0.49516093730926514,0.9156232476234436,1.1110541820526123,0.0014171600341796875,0.6148681640625,0.999276609334629,0.00982666015625,1.4003478288650513,1.1148089170455933,1.238832712173462,0.98468017578125,0.771484375,0.16619764268398285,0.0028171539306640625,0.48291015625,0.9988406226621009,0.013303756713867188,1.3907833099365234,1.0562567710876465,1.202955961227417,0.98504638671875,0.7510986328125,0.158837229013443,1.71661376953125e-05,0.97015380859375,0.9997125960071571,0.0049800872802734375,1.4099127054214478,1.200903296470642,1.2753403186798096,0.99798583984375,0.5498046875,0.1012762188911438,0.0007233153441683559,0.0011568069458007812,233
286,0.13599180752038956,0.4486585157215595,1.1285741106271743,0.49638843536376953,0.9144405722618103,1.1076428890228271,0.001331329345703125,0.6331787109375,0.9993220930336975,0.009245872497558594,1.401567816734314,1.1188331842422485,1.241679310798645,0.98504638671875,0.76898193359375,0.164956733584404,0.002643585205078125,0.49627685546875,0.9989172912901267,0.01287841796875,1.392773985862732,1.0608775615692139,1.206519365310669,0.98529052734375,0.7481689453125,0.1575782597064972,1.9073486328125e-05,0.97161865234375,0.9997268947772682,0.004638671875,1.4103615283966064,1.2030502557754517,1.2768553495407104,0.998046875,0.55084228515625,0.10076383501291275,0.0006431280170666152,0.0011568069458007812,234
287,0.1347312339246273,0.44708177050948145,1.1285404002666473,0.4974125027656555,0.9233235120773315,1.1178662776947021,0.0014295578002929688,0.61846923828125,0.9992646813916508,0.009860992431640625,1.401267409324646,1.1195459365844727,1.2407584190368652,0.984130859375,0.7685546875,0.16604194045066833,0.002841949462890625,0.4793701171875,0.9988334822119214,0.013666152954101562,1.3920577764511108,1.0626800060272217,1.2066049575805664,0.98468017578125,0.74725341796875,0.15847590565681458,1.71661376953125e-05,0.96868896484375,0.9996958805713803,0.00518798828125,1.4104769229888916,1.2009382247924805,1.2752888202667236,0.99749755859375,0.55450439453125,0.10289958119392395,0.0005684316787152066,0.0011568069458007812,235
288,0.13500421587377787,0.44730354931950567,1.1284693132638932,0.4973147213459015,0.9192543029785156,1.112563133239746,0.0013942718505859375,0.6143798828125,0.999280255055055,0.009560585021972656,1.4003822803497314,1.1192421913146973,1.2408254146575928,0.98455810546875,0.77008056640625,0.1658526062965393,0.002777099609375,0.50323486328125,0.9988554115989245,0.01312255859375,1.3907471895217896,1.0610809326171875,1.2049981355667114,0.98480224609375,0.7503662109375,0.1585487574338913,1.1444091796875e-05,0.97259521484375,0.9997050985111855,0.004974365234375,1.4100172519683838,1.203604817390442,1.277058482170105,0.99786376953125,0.55242919921875,0.10154733806848526,0.0004992346307275896,0.0011568069458007812,236
289,0.13579514192044734,0.4479699326753616,1.1282530318498611,0.4981745183467865,0.9157562255859375,1.10986328125,0.0012922286987304688,0.62139892578125,0.9992913282767404,0.009203910827636719,1.400897741317749,1.1216031312942505,1.2409367561340332,0.9844970703125,0.7674560546875,0.16580823063850403,0.0025730133056640625,0.48797607421875,0.9988840905134566,0.012834548950195312,1.3917174339294434,1.0653159618377686,1.2070232629776,0.98486328125,0.74627685546875,0.15826161205768585,1.1444091796875e-05,0.971435546875,0.9996985660400242,0.005062103271484375,1.4100779294967651,1.201377034187317,1.275459885597229,0.99786376953125,0.55810546875,0.10272905230522156,0.000435544563536233,0.0011568069458007812,237
290,0.13610734444856643,0.448798085719347,1.1287382485866546,0.49576079845428467,0.9202709794044495,1.111386775970459,0.0014629364013671875,0.6153564453125,0.9992700623406563,0.00970458984375,1.4004456996917725,1.117163062095642,1.2395107746124268,0.98388671875,0.77264404296875,0.16614194214344025,0.002902984619140625,0.48333740234375,0.9988434321130626,0.013118743896484375,1.3912461996078491,1.0585474967956543,1.2052804231643677,0.9844970703125,0.75103759765625,0.15841883420944214,2.288818359375e-05,0.966552734375,0.99969669256825,0.00506591796875,1.4096450805664062,1.1990910768508911,1.274360179901123,0.99786376953125,0.5546875,0.10247915983200073,0.00037736855553788343,0.0011568069458007812,238
291,0.13564209669083357,0.44824314218759537,1.1287002124786376,0.4985192120075226,0.9183945059776306,1.1142491102218628,0.0013370513916015625,0.61724853515625,0.9993090711650439,0.009427070617675781,1.4020459651947021,1.1231263875961304,1.2429437637329102,0.98492431640625,0.76947021484375,0.1648523062467575,0.00266265869140625,0.4805908203125,0.9988944614888169,0.012939453125,1.3923860788345337,1.064342737197876,1.2081620693206787,0.985107421875,0.74896240234375,0.15755243599414825,1.1444091796875e-05,0.97076416015625,0.9997236808412708,0.0047607421875,1.4117059707641602,1.2057678699493408,1.2786476612091064,0.9981689453125,0.5528564453125,0.10156857222318649,0.00032471307230692105,0.0011568069458007812,239
292,0.13636339758336544,0.4492955175340176,1.1289287950992584,0.4970935583114624,0.9188633561134338,1.1072255373001099,0.0013628005981445312,0.62103271484375,0.9993229312822223,0.00921630859375,1.4011180400848389,1.1210346221923828,1.2409915924072266,0.98492431640625,0.76995849609375,0.16527533531188965,0.0027141571044921875,0.4892578125,0.9989143255515955,0.0130615234375,1.3914586305618286,1.0626955032348633,1.2062586545944214,0.98504638671875,0.74896240234375,0.1579248160123825,1.1444091796875e-05,0.9727783203125,0.999731537012849,0.0047607421875,1.41077721118927,1.2032535076141357,1.2765671014785767,0.998046875,0.55426025390625,0.10176199674606323,0.0002775839658767709,0.0011568069458007812,240
293,0.13595871815830468,0.448449011862278,1.128675866007805,0.4970291256904602,0.9195950627326965,1.1155099868774414,0.00138092041015625,0.623046875,0.9992968409787863,0.0096435546875,1.4020564556121826,1.1202092170715332,1.2422010898590088,0.984375,0.76800537109375,0.1650126427412033,0.002750396728515625,0.4842529296875,0.9988776521058753,0.012939453125,1.3925219774246216,1.0620206594467163,1.2068238258361816,0.9847412109375,0.74810791015625,0.15763160586357117,1.1444091796875e-05,0.970947265625,0.9997160298516974,0.00494384765625,1.411590576171875,1.2040069103240967,1.2779544591903687,0.99774169921875,0.5509033203125,0.10106346756219864,0.00023598647408950836,0.0011568069458007812,241
294,0.13633471465110777,0.44891548961400984,1.1285900576114654,0.49735820293426514,0.919697105884552,1.1071343421936035,0.0014352798461914062,0.62103271484375,0.999304799886886,0.00946044921875,1.4003113508224487,1.1173596382141113,1.2393913269042969,0.9844970703125,0.77337646484375,0.1670275330543518,0.0028514862060546875,0.49456787109375,0.998886821384076,0.013147354125976562,1.3911958932876587,1.0596435070037842,1.2048890590667725,0.98480224609375,0.7518310546875,0.1593151092529297,1.9073486328125e-05,0.9691162109375,0.999722778389696,0.0048828125,1.4094268083572388,1.1994436979293823,1.2743481397628784,0.9979248046875,0.55865478515625,0.10329023748636246,0.00019992522001375767,0.0011568069458007812,242
295,0.1354883190318942,0.4480433384478092,1.1287547068595887,0.49732547998428345,0.9213487505912781,1.1151078939437866,0.0013685226440429688,0.61663818359375,0.9992857550096232,0.009664535522460938,1.4013034105300903,1.1206762790679932,1.2411513328552246,0.98382568359375,0.769775390625,0.16535012423992157,0.002727508544921875,0.49591064453125,0.9988683249102905,0.012939453125,1.3919117450714111,1.0636696815490723,1.2066231966018677,0.984130859375,0.74908447265625,0.15781159698963165,9.5367431640625e-06,0.97210693359375,0.999703185108956,0.0050048828125,1.4106953144073486,1.201608657836914,1.2762057781219482,0.9979248046875,0.5533447265625,0.10242009162902832,0.00016940421143087894,0.0011568069458007812,243
296,0.13557803611457347,0.44840394920110704,1.128910187125206,0.4961126744747162,0.9166998863220215,1.1101323366165161,0.0013561248779296875,0.624267578125,0.9992972195323091,0.00946807861328125,1.400928258895874,1.1187858581542969,1.2408993244171143,0.984619140625,0.77081298828125,0.1651293784379959,0.0027027130126953125,0.48162841796875,0.9988765776506625,0.01290130615234375,1.3912041187286377,1.0604661703109741,1.2056784629821777,0.98492431640625,0.74920654296875,0.15765999257564545,9.5367431640625e-06,0.97137451171875,0.9997178614139557,0.005039215087890625,1.4106526374816895,1.201943039894104,1.2767342329025269,0.998046875,0.55145263671875,0.10136152058839798,0.0001444268403895373,0.0011568069458007812,244
297,0.1350465959087014,0.4475693971216679,1.1287836427688598,0.49526989459991455,0.9167547821998596,1.1093662977218628,0.0014095306396484375,0.6199951171875,0.9992924149264582,0.009561538696289062,1.3995301723480225,1.1157618761062622,1.2384134531021118,0.9840087890625,0.7713623046875,0.16644832491874695,0.0028018951416015625,0.49041748046875,0.9988699877285399,0.01318359375,1.3900316953659058,1.057794451713562,1.2033461332321167,0.984375,0.75042724609375,0.15901894867420197,1.71661376953125e-05,0.97015380859375,0.9997148421243764,0.00494384765625,1.409028172492981,1.1999220848083496,1.2745299339294434,0.998046875,0.5543212890625,0.10176092386245728,0.0001249958828287542,0.0011568069458007812,245
298,0.13484477884322404,0.4475156182646751,1.1289333107471466,0.4974474608898163,0.9192727208137512,1.1116985082626343,0.0013513565063476562,0.61676025390625,0.9993069882912096,0.009456693209134615,1.4010567665100098,1.1201651096343994,1.2410943508148193,0.984375,0.76910400390625,0.16562612354755402,0.002685546875,0.4920654296875,0.9988942020572722,0.01312255859375,1.3917365074157715,1.063511610031128,1.2068307399749756,0.9847412109375,0.74859619140625,0.1582259088754654,1.71661376953125e-05,0.97076416015625,0.9997197745251469,0.00494384765625,1.410377025604248,1.2025374174118042,1.276027798652649,0.99774169921875,0.55194091796875,0.10236718505620956,0.00011111349826936344,0.0011568069458007812,246
299,0.13528161506354808,0.4480637572109699,1.1290490963459014,0.4958639144897461,0.9155914187431335,1.1069632768630981,0.0013456344604492188,0.6209716796875,0.999287160782842,0.009407997131347656,1.3999594449996948,1.1176930665969849,1.2388064861297607,0.98486328125,0.7716064453125,0.16594544053077698,0.00267791748046875,0.48779296875,0.9988683282281272,0.01318359375,1.3905909061431885,1.060271978378296,1.2039226293563843,0.98504638671875,0.750244140625,0.15844127535820007,1.33514404296875e-05,0.9710693359375,0.9997059933375567,0.00494384765625,1.4093279838562012,1.2001457214355469,1.274307370185852,0.998046875,0.5537109375,0.10218513756990433,0.00010278122957401578,0.0011568069458007812,247
300,0.1350015640705824,0.4477763158380985,1.129089169383049,0.4962426722049713,0.9207926988601685,1.1118297576904297,0.0014181137084960938,0.62078857421875,0.9992873028095346,0.009520530700683594,1.400975227355957,1.1186717748641968,1.240508794784546,0.9844970703125,0.7698974609375,0.1656612902879715,0.002819061279296875,0.48553466796875,0.9988644773256965,0.01318359375,1.391357660293579,1.060270071029663,1.2053571939468384,0.9847412109375,0.74932861328125,0.15826241672039032,1.71661376953125e-05,0.970703125,0.9997101282933727,0.0048828125,1.4105925559997559,1.2020920515060425,1.2764047384262085,0.998046875,0.5509033203125,0.10151631385087967,0.00010000000277569897,0.0011568069458007812,248
